Data,BDIY,CRY,Cl1,DXY,ECSURPUS,EMUSTRUU,EONIA,GBP,GT10,GTDEM10Y,GTDEM2Y,GTDEM30Y,GTGBP20Y,GTGBP2Y,GTGBP30Y,GTITL10YR,GTITL2YR,GTITL30YR,GTJPY10YR,GTJPY2YR,GTJPY30YR,JPY,LF94TRUU,LF98TRUU,LG30TRUU,LMBITR,LP01TREU,LUACTRUU,LUMSTRUU,MXBR,MXCN,MXEU,MXIN,MXJP,MXRU,MXUS,US0001M,USGG2YR,USGG30YR,USGG3M,VIX,XAUBGNL,Y,Year,Period
2000-02-01,1311,166.85,28.22,104.92,0.191,231.9417,3.3,1.6106,6.619,5.459,4.326,5.944,4.7939,6.467,4.5925,5.71,4.54,6.188,1.77,0.364,2.33,107.85,122.3281,547.38,305.9967,473.2549,120.51,997.91,871.22,842.6,31.29,129.19,237.48,1007.12,201.89,1385.31,5.885,6.574,6.423,5.708,23.45,282.75,0,2000,Pre-Crisis
2000-01-25,1368,167.24,28.28,102.41,0.135,232.3895,3.15,1.6496,6.692,5.515,4.27,6.045,4.9003,6.5212,4.6912,5.76,4.511,6.281,1.625,0.293,2.259,106.04,123.7616,546.7,306.1812,472.7233,117.9946,997.68,873.5,886.93,32.46,126.48,233.0,974.83,216.82,1385.93,5.81875,6.432,6.634,5.562,23.02,287.15,0,2000,Pre-Crisis
2000-01-18,1405,165.01,28.85,101.86,0.043,231.377,3.03,1.6383,6.748,5.644,4.321,6.254,4.9754,6.6125,4.7456,5.889,4.535,6.459,1.765,0.349,2.418,105.47,123.7616,545.68,305.3026,473.2232,117.2674,990.48,869.33,925.22,32.74,129.5,227.08,993.98,234.37,1428.79,5.8025,6.465,6.747,5.378,21.5,287.65,0,2000,Pre-Crisis
2000-01-11,1388,157.26,25.77,100.56,0.077,230.5267,2.89,1.646,6.657,5.541,4.316,6.121,4.7695,6.5238,4.5345,5.777,4.495,6.321,1.709,0.346,2.422,105.86,123.7616,546.04,305.057,474.0453,116.4635,990.75,870.94,856.76,34.3,127.75,217.34,990.59,224.33,1416.12,5.78125,6.428,6.671,5.426,22.5,283.25,0,2000,Pre-Crisis
2000-04-18,1670,167.54,26.11,106.63,0.506,245.6351,3.61,1.5787,6.059,5.253,4.429,5.609,4.7615,6.2862,4.5739,5.535,4.622,5.929,1.713,0.414,2.042,104.73,124.6394,537.47,309.8029,490.0599,120.1951,1010.63,896.09,782.6,29.59,132.97,219.97,967.7,235.12,1410.47,6.13,6.329,5.91,5.813,26.12,280.95,0,2000,Pre-Crisis
2000-04-11,1684,162.63,24.14,105.94,0.509,247.7315,3.58,1.5867,5.882,5.162,4.39,5.521,4.6412,6.2868,4.4507,5.443,4.583,5.843,1.742,0.414,2.077,107.04,124.6394,538.45,311.3576,491.4975,120.2116,1017.81,895.22,860.38,26.46,136.71,262.49,1028.54,259.18,1468.75,6.13,6.331,5.77,5.844,27.25,281.7,0,2000,Pre-Crisis
2000-04-04,1676,166.01,25.45,105.17,0.631,248.4286,3.75,1.6023,5.895,5.182,4.391,5.569,4.6626,6.3886,4.4666,5.482,4.585,5.869,1.782,0.439,2.205,104.66,124.6394,536.9,311.1474,489.2139,120.0604,1021.25,897.26,864.74,26.42,137.99,226.13,1039.55,267.67,1465.45,6.13125,6.308,5.773,5.876,27.12,287.4,0,2000,Pre-Crisis
2000-03-28,1627,170.05,27.09,105.53,0.572,250.9738,3.59,1.5875,6.151,5.278,4.465,5.62,4.7027,6.4345,4.4888,5.555,4.646,5.931,1.875,0.492,2.35,105.93,122.0019,544.41,315.1744,488.3621,121.0714,1008.69,883.36,914.4,27.33,142.68,259.64,1009.1,268.41,1474.82,6.13125,6.598,5.977,5.886,24.86,279.9,0,2000,Pre-Crisis
2000-09-05,1671,197.57,33.83,112.32,-0.377,265.0745,4.6,1.4524,5.689,5.209,5.148,5.367,4.8068,6.022,4.6058,5.578,5.331,5.83,1.955,0.655,2.645,105.86,122.3544,553.36,324.4519,511.3508,120.6935,1054.29,932.97,879.38,32.26,143.36,201.88,925.11,275.27,1442.61,6.62,6.078,5.667,6.238,19.82,275.65,0,2000,Pre-Crisis
2000-08-29,1641,193.48,32.74,112.2,-0.296,262.2165,4.73,1.4563,5.808,5.3,5.251,5.419,4.8516,6.0562,4.6593,5.668,5.422,5.876,1.89,0.61,2.558,106.21,124.0244,548.36,320.8043,511.1114,115.1309,1046.82,926.35,868.61,32.06,140.11,192.55,956.92,287.17,1450.16,6.62,6.256,5.747,6.309,16.89,272.6,0,2000,Pre-Crisis
2000-08-22,1627,188.32,31.22,111.79,-0.259,261.0801,4.27,1.4824,5.775,5.244,5.264,5.361,4.8374,6.0484,4.6412,5.588,5.462,5.793,1.805,0.52,2.45,108.3,124.0244,547.44,319.9679,509.4494,115.9413,1046.45,926.32,866.95,33.43,140.42,193.8,928.87,269.6,1435.93,6.62,6.26,5.712,6.279,17.47,273.65,0,2000,Pre-Crisis
2000-08-15,1634,186.64,31.67,110.51,-0.23,260.9918,4.35,1.5048,5.802,5.199,5.21,5.34,4.7728,6.03,4.5721,5.578,5.353,5.85,1.75,0.508,2.335,109.06,124.0244,547.07,320.1001,507.7661,116.1244,1045.94,925.35,900.34,33.08,140.05,182.66,927.15,273.28,1427.27,6.62,6.27,5.709,6.257,17.98,274.65,0,2000,Pre-Crisis
2000-11-07,1759,194.18,33.4,115.61,-0.15,254.4318,4.85,1.4348,5.866,5.238,5.06,5.62,4.7391,5.7069,4.5583,5.622,5.283,6.071,1.815,0.494,3.128,107.26,123.4046,524.84,307.034,514.1258,107.9444,1055.82,945.4,750.31,27.7,138.69,172.66,890.65,217.09,1368.83,6.62,5.974,5.894,6.414,24.91,264.45,0,2000,Pre-Crisis
2000-10-31,1759,190.53,32.7,116.65,-0.112,256.6706,4.85,1.4494,5.751,5.215,5.082,5.593,4.7634,5.7847,4.5821,5.599,5.322,6.034,1.808,0.503,2.996,109.15,123.4046,528.24,309.4824,514.1716,109.1694,1057.16,945.32,756.14,26.09,139.34,163.1,860.75,214.92,1361.95,6.62,5.914,5.788,6.389,23.63,264.68,0,2000,Pre-Crisis
2000-10-24,1748,196.08,33.37,117.42,-0.116,255.6659,4.68,1.4499,5.615,5.206,5.079,5.55,4.8536,5.7536,4.7076,5.604,5.333,6.011,1.855,0.53,3.033,108.03,123.4672,536.06,311.3696,512.4335,109.0397,1061.77,948.9,708.28,25.6,138.67,158.36,873.58,229.1,1326.42,6.62,5.828,5.705,6.351,24.28,270.05,0,2000,Pre-Crisis
2000-10-17,1727,197.51,32.99,115.89,-0.056,257.5361,4.73,1.4445,5.673,5.219,5.005,5.598,4.8083,5.8113,4.6549,5.604,5.263,6.04,1.83,0.521,2.967,108.16,123.4672,536.74,312.8105,510.3104,107.4397,1056.72,943.41,762.9,25.86,131.93,157.63,882.09,229.03,1279.95,6.61938,5.831,5.767,6.299,27.84,270.4,0,2000,Pre-Crisis
2000-11-28,1683,199.86,34.22,116.63,-0.063,256.4118,4.83,1.4172,5.582,5.077,4.948,5.453,4.4451,5.5382,4.1443,5.464,5.164,5.927,1.703,0.498,2.52,110.14,123.4046,516.2,304.4993,515.6852,103.1604,1061.68,955.39,687.39,22.72,133.65,176.35,837.18,178.13,1272.86,6.61625,5.795,5.675,6.278,27.64,269.3,0,2000,Pre-Crisis
2000-11-21,1701,201.43,35.16,117.95,-0.07,258.1925,4.76,1.4163,5.652,5.185,4.998,5.57,4.6417,5.5919,4.4524,5.564,5.222,6.031,1.704,0.485,2.601,110.15,123.4046,522.78,307.8893,514.6019,105.1299,1059.54,951.68,747.76,26.24,135.15,171.73,834.6,188.15,1284.08,6.61625,5.856,5.728,6.351,26.62,266.05,1,2000,Pre-Crisis
2000-11-14,1732,197.05,34.87,116.22,-0.11,256.1026,4.81,1.4298,5.753,5.186,4.987,5.622,4.6945,5.64,4.5121,5.578,5.219,6.068,1.782,0.515,2.812,108.1,123.4046,525.23,307.9961,513.5811,107.545,1062.44,949.3,727.54,25.88,136.99,171.57,853.25,199.22,1320.88,6.62,5.907,5.819,6.361,26.81,264.45,1,2000,Pre-Crisis
2000-11-07,1759,194.18,33.4,115.61,-0.15,254.4318,4.85,1.4348,5.866,5.238,5.06,5.62,4.7391,5.7069,4.5583,5.622,5.283,6.071,1.815,0.494,3.128,107.26,123.4046,524.84,307.034,514.1258,107.9444,1055.82,945.4,750.31,27.7,138.69,172.66,890.65,217.09,1368.83,6.62,5.974,5.894,6.414,24.91,264.45,0,2000,Pre-Crisis
2001-01-30,1514,197.55,29.06,111.0,-0.479,276.4257,4.78,1.4616,5.229,4.822,4.43,5.332,4.5695,5.2311,4.3518,5.208,4.584,5.807,1.487,0.358,2.24,115.8,128.5493,549.73,328.5737,535.4947,112.5148,1114.42,986.21,849.35,25.72,129.85,189.45,813.79,185.97,1301.87,5.6475,4.696,5.593,5.026,22.57,265.95,0,2001,Pre-Crisis
2001-01-23,1552,200.67,29.57,110.34,-0.487,272.6582,4.72,1.47,5.281,4.846,4.39,5.404,4.6049,5.2787,4.3852,5.222,4.549,5.835,1.479,0.34,2.336,117.01,128.5493,542.77,324.4924,536.9628,111.2092,1105.59,982.12,858.01,26.05,128.14,185.71,818.87,184.47,1288.41,5.72625,4.828,5.652,5.265,21.57,265.7,0,2001,Pre-Crisis
2001-01-16,1579,198.53,30.29,110.11,-0.434,269.5961,4.81,1.4684,5.23,4.847,4.445,5.417,4.5859,5.2444,4.3516,5.232,4.6,5.855,1.57,0.411,2.454,117.37,128.5493,535.9,320.3378,537.9017,109.7366,1100.84,980.74,812.25,24.83,126.11,176.28,801.73,180.05,1259.71,5.91063,4.881,5.596,5.353,25.28,263.3,0,2001,Pre-Crisis
2001-01-09,1593,195.82,27.64,109.52,-0.43,268.8654,4.78,1.4891,5.0,4.75,4.321,5.295,4.5339,5.2229,4.2854,5.136,4.496,5.741,1.55,0.405,2.51,116.67,128.5493,527.0,316.2496,538.8276,106.4703,1108.58,985.27,819.0,24.0,125.89,180.12,803.34,161.56,1233.25,5.88375,4.659,5.429,5.286,27.99,267.6,0,2001,Pre-Crisis
2001-05-29,1408,185.27,28.66,118.22,-0.012,276.5913,4.59,1.4208,5.515,5.151,4.323,5.713,5.1179,5.2869,4.9431,5.521,4.511,6.103,1.278,0.068,2.093,120.15,126.2688,550.63,326.6496,541.9632,108.3911,1136.44,1004.32,654.56,23.36,122.84,157.31,845.57,205.01,1201.52,4.06375,4.312,5.86,3.707,22.14,274.85,0,2001,Pre-Crisis
2001-05-22,1442,192.25,29.74,117.69,0.207,278.3224,4.54,1.4247,5.41,5.111,4.387,5.654,4.9797,5.1168,4.7831,5.487,4.573,6.053,1.281,0.067,2.212,122.8,126.2688,549.07,327.0245,541.5258,107.7362,1139.67,1007.59,680.45,23.64,124.88,152.68,859.1,208.15,1239.09,4.09,4.326,5.778,3.658,21.35,283.5,0,2001,Pre-Crisis
2001-05-15,1479,190.83,28.98,116.77,0.219,270.9589,4.58,1.4244,5.512,5.097,4.332,5.687,4.9975,5.028,4.8137,5.441,4.508,6.101,1.284,0.08,2.243,123.22,126.2688,548.69,323.7377,540.1021,107.5216,1132.07,1004.37,643.52,21.83,121.2,150.15,857.81,195.24,1186.3,4.15125,4.239,5.911,3.606,23.71,267.5,0,2001,Pre-Crisis
2001-05-08,1460,189.2,27.39,116.08,0.24,273.4351,4.81,1.4285,5.245,4.948,4.47,5.511,4.9062,4.8849,4.7151,5.332,4.621,5.954,1.306,0.104,2.3,121.53,126.2688,549.07,325.2362,540.0975,107.5405,1142.72,1009.45,673.5,22.51,121.0,151.68,876.29,198.23,1198.33,4.35,4.112,5.738,3.699,24.44,265.08,0,2001,Pre-Crisis
2001-06-19,1387,181.34,27.48,119.04,0.125,281.705,4.52,1.3984,5.236,5.02,4.3,5.639,5.0829,5.4057,4.926,5.399,4.387,6.033,1.185,0.049,2.025,122.86,126.8474,541.92,324.8767,546.3854,102.8117,1153.96,1015.98,608.54,22.69,116.0,143.09,785.95,223.05,1151.99,3.88125,3.958,5.689,3.41,22.34,274.15,0,2001,Pre-Crisis
2001-06-12,1358,186.16,29.18,119.61,0.102,285.8159,4.53,1.3779,5.253,5.083,4.356,5.65,5.1747,5.4083,5.0329,5.439,4.438,6.045,1.202,0.059,2.032,121.85,126.8474,552.95,331.2823,545.8335,106.475,1155.85,1015.5,652.92,23.87,118.2,147.46,795.96,214.02,1191.69,4.0,4.061,5.652,3.545,20.7,270.95,1,2001,Pre-Crisis
2001-06-05,1366,183.9,28.24,118.53,0.153,282.7725,4.54,1.4092,5.269,5.013,4.27,5.6,5.0671,5.1951,4.9314,5.394,4.356,6.003,1.219,0.056,2.078,120.37,126.8474,552.73,330.1737,544.6811,107.9964,1154.99,1014.25,672.05,23.35,123.19,145.53,816.18,219.95,1217.21,4.03125,4.105,5.653,3.637,19.58,265.83,1,2001,Pre-Crisis
2001-05-29,1408,185.27,28.66,118.22,-0.012,276.5913,4.59,1.4208,5.515,5.151,4.323,5.713,5.1179,5.2869,4.9431,5.521,4.511,6.103,1.278,0.068,2.093,120.15,126.2688,550.63,326.6496,541.9632,108.3911,1136.44,1004.32,654.56,23.36,122.84,157.31,845.57,205.01,1201.52,4.06375,4.312,5.86,3.707,22.14,274.85,0,2001,Pre-Crisis
2001-08-14,971,176.63,28.01,114.38,0.234,271.7352,4.52,1.4284,4.966,4.829,4.039,5.425,4.8281,4.9307,4.602,5.217,4.118,5.814,1.299,0.088,2.385,121.69,129.6635,550.34,322.5626,558.0304,97.3335,1182.44,1032.89,580.93,19.31,110.33,139.17,750.16,195.57,1126.82,3.64,3.72,5.506,3.431,20.48,276.05,0,2001,Pre-Crisis
2001-08-07,1007,175.09,27.94,116.83,0.243,269.4842,4.52,1.4173,5.168,4.897,4.135,5.494,4.928,5.0434,4.7066,5.285,4.225,5.874,1.436,0.167,2.54,123.78,129.6635,548.46,320.6261,554.9777,97.5913,1175.6,1028.07,599.43,18.68,112.95,139.05,767.59,185.24,1145.71,3.72,3.87,5.599,3.545,21.01,267.45,0,2001,Pre-Crisis
2001-07-31,1049,173.86,26.35,117.18,0.326,266.0845,4.52,1.4248,5.054,4.88,4.134,5.462,4.9271,5.1675,4.7193,5.271,4.231,5.843,1.333,0.112,2.428,124.99,129.6635,545.33,317.9521,554.2639,98.4873,1180.46,1029.78,598.22,19.89,113.4,139.08,748.85,190.66,1151.13,3.76,3.797,5.522,3.524,21.62,266.15,0,2001,Pre-Crisis
2001-07-24,1132,173.14,26.31,117.2,0.408,271.6754,4.33,1.4234,5.11,4.951,4.189,5.537,4.9974,5.2857,4.7986,5.347,4.292,5.937,1.409,0.096,2.545,124.09,127.1781,538.01,317.7181,552.04,96.2698,1174.87,1025.91,592.67,20.03,109.47,138.6,739.97,188.53,1116.32,3.7925,3.937,5.528,3.521,25.24,270.0,0,2001,Pre-Crisis
2001-10-16,902,152.71,22.0,113.95,0.076,271.6531,3.98,1.4484,4.559,4.645,3.382,5.348,4.7776,4.5408,4.5995,4.987,3.429,5.679,1.349,0.111,2.514,121.32,131.4442,520.74,310.8062,565.8899,91.3288,1204.95,1059.88,466.21,14.73,98.7,126.59,662.3,182.3,1042.5,2.5175,2.737,5.343,2.207,32.88,281.65,0,2001,Pre-Crisis
2001-10-09,889,154.83,22.48,113.35,0.069,263.6416,3.72,1.4575,4.593,4.7,3.397,5.47,4.815,4.583,4.721,5.053,3.448,5.806,1.39,0.11,2.48,120.15,131.4442,516.67,305.4828,566.3012,86.3322,1198.19,1055.88,432.58,15.63,96.67,118.83,639.55,166.37,1003.02,2.54125,2.729,5.376,2.216,34.83,288.53,1,2001,Pre-Crisis
2001-10-02,926,156.56,22.79,113.0,0.041,267.4376,3.83,1.4657,4.501,4.712,3.415,5.443,4.895,4.5683,4.7954,5.057,3.49,5.788,1.374,0.106,2.389,120.96,131.4442,515.35,306.7972,563.211,86.112,1199.2,1056.17,437.56,14.95,93.97,118.87,656.39,169.26,1000.15,2.6375,2.746,5.322,2.279,31.18,289.55,1,2001,Pre-Crisis
2001-09-25,991,155.65,21.81,112.21,0.092,268.9859,3.12,1.4694,4.7,4.839,3.491,5.62,5.0219,4.5505,4.8716,5.194,3.555,5.962,1.384,0.076,2.38,117.74,131.8214,523.78,311.3574,560.073,90.2963,1187.51,1051.32,440.71,14.24,89.87,112.6,623.47,168.71,962.44,2.64375,2.848,5.568,2.402,35.81,290.35,1,2001,Pre-Crisis
2002-01-15,964,148.71,18.9,117.29,0.314,273.194,3.34,1.4426,4.835,4.772,3.692,5.133,4.7863,4.6925,4.5702,5.054,3.896,5.467,1.412,0.127,2.556,131.21,131.0111,550.54,322.0071,569.2118,99.5261,1221.9,1067.36,560.02,15.7,104.22,145.8,622.09,260.4,1085.28,1.74125,2.766,5.337,1.593,22.7,284.45,0,2002,Pre-Crisis
2002-01-08,917,153.8,21.25,116.83,0.247,273.9799,3.45,1.4407,5.08,4.857,3.614,5.25,4.8522,4.7312,4.6343,5.109,3.628,5.542,1.394,0.126,2.539,132.61,131.0111,549.02,322.0022,562.7392,99.1859,1207.16,1058.84,608.47,17.24,106.08,149.43,654.31,270.9,1098.4,1.8525,3.057,5.529,1.675,21.83,278.95,0,2002,Pre-Crisis
2002-01-01,876,147.97,19.84,116.84,0.21,268.8529,3.91,1.4545,5.032,4.997,3.642,5.394,4.933,4.761,4.702,5.27,3.669,5.663,1.363,0.116,2.506,131.46,131.0111,544.42,317.581,558.0707,96.0679,1202.03,1055.14,597.06,16.86,107.1,140.42,651.39,237.76,1084.54,1.87375,3.05,5.472,1.726,23.8,278.95,0,2002,Pre-Crisis
2001-12-25,869,148.78,19.62,118.05,0.106,268.2146,3.05,1.4444,5.136,4.875,3.604,5.281,4.74,4.614,4.519,5.132,3.625,5.573,1.319,0.091,2.475,130.8,131.5254,543.55,316.8978,557.1822,96.0516,1193.86,1050.08,576.51,16.57,105.16,140.16,630.29,229.88,1082.23,1.92563,3.147,5.49,1.715,22.62,278.75,0,2001,Pre-Crisis
2002-04-09,1091,164.1,25.82,117.56,0.58,286.9163,3.3,1.4352,5.202,5.177,4.165,5.551,5.1724,4.9551,4.9701,5.425,4.293,5.842,1.39,0.049,2.415,131.01,131.5511,555.07,328.3298,568.3878,92.1403,1209.76,1075.06,637.23,16.13,105.77,151.92,672.06,282.36,1053.82,1.86,3.43,5.669,1.706,19.47,298.95,0,2002,Pre-Crisis
2002-04-02,1081,172.06,27.71,117.92,0.693,285.269,3.39,1.4358,5.341,5.252,4.314,5.612,5.2254,5.1053,5.0099,5.499,4.411,5.896,1.381,0.05,2.465,133.41,131.5511,553.73,327.767,563.371,92.2701,1201.98,1067.91,635.96,16.13,108.07,153.37,674.23,275.17,1073.02,1.87875,3.613,5.762,1.808,19.16,306.1,0,2002,Pre-Crisis
2002-03-26,1084,164.85,25.36,118.14,0.54,284.5056,3.26,1.4268,5.343,5.239,4.32,5.551,5.215,5.1036,4.9885,5.478,4.41,5.836,1.421,0.065,2.464,132.76,131.2107,552.54,326.6297,563.0141,91.6776,1200.32,1065.87,629.6,15.75,107.34,151.56,669.56,270.42,1075.91,1.9,3.63,5.756,1.828,18.13,296.6,0,2002,Pre-Crisis
2002-03-19,1076,165.52,24.88,117.6,0.531,285.8011,3.25,1.4232,5.286,5.202,4.246,5.515,5.1591,5.0116,4.9385,5.438,4.332,5.8,1.44,0.078,2.463,132.3,131.2107,552.14,327.1082,565.3004,91.4513,1200.46,1064.48,651.52,16.34,108.57,155.43,702.98,277.84,1106.3,1.90125,3.54,5.733,1.839,18.16,293.1,0,2002,Pre-Crisis
2002-05-21,1031,165.79,27.33,112.8,0.231,285.7767,3.27,1.458,5.15,5.18,4.252,5.514,5.2239,4.9332,5.0559,5.405,4.317,5.781,1.388,0.05,2.347,123.89,135.4008,557.79,329.7982,573.7572,92.2433,1215.52,1089.91,581.58,17.73,102.83,140.48,703.66,327.69,1016.24,1.84,3.2235,5.6634,1.7414,20.05,316.85,0,2002,Pre-Crisis
2002-05-14,1041,170.7,29.36,115.09,0.272,284.8119,3.3,1.4489,5.278,5.254,4.316,5.585,5.2418,4.911,5.0596,5.494,4.384,5.875,1.359,0.05,2.412,128.62,135.4008,561.1,330.2652,571.991,93.3954,1204.7,1082.39,557.93,17.22,104.39,150.22,678.41,314.35,1032.21,1.84,3.3495,5.7428,1.7618,19.35,307.6,0,2002,Pre-Crisis
2002-05-07,1018,163.54,26.63,113.92,0.326,285.8831,3.3,1.467,5.056,5.102,4.082,5.466,5.1196,4.8048,4.9433,5.348,4.162,5.757,1.353,0.039,2.394,128.02,135.4008,561.72,331.3497,575.3734,93.0401,1213.78,1087.82,583.32,17.38,101.5,149.99,678.7,292.1,984.9,1.84,3.1121,5.5337,1.7414,21.94,311.45,0,2002,Pre-Crisis
2002-04-30,1027,166.64,27.29,115.19,0.37,287.2322,3.3,1.4578,5.087,5.122,4.07,5.5,5.1532,4.8029,4.9747,5.364,4.147,5.788,1.369,0.043,2.393,128.57,135.4008,562.2,331.8202,574.3412,93.373,1212.66,1085.8,617.65,16.88,104.13,146.72,682.78,306.51,1012.51,1.84125,3.22,5.5918,1.7618,21.91,308.15,1,2002,Pre-Crisis
2003-01-14,1753,199.86,32.37,101.21,-0.077,307.7011,2.82,1.6068,4.079,4.272,2.689,4.861,4.548,3.804,4.505,4.432,2.712,5.061,0.869,0.05,1.531,118.04,157.3057,552.37,340.8555,607.9839,97.8892,1317.74,1148.23,435.83,15.35,74.59,146.54,524.28,269.46,874.64,1.37,1.7417,4.9988,1.1898,24.57,352.95,0,2003,Pre-Crisis
2003-01-07,1746,197.33,31.08,102.57,0.003,305.951,2.89,1.603,4.007,4.286,2.714,4.944,4.582,3.815,4.552,4.492,2.742,5.162,0.899,0.05,1.69,120.43,157.3057,541.83,334.1381,609.2015,93.1177,1316.3,1147.71,417.68,14.83,74.88,146.88,530.63,270.74,865.99,1.38,1.7418,4.9491,1.1898,25.13,345.55,0,2003,Pre-Crisis
2002-12-31,1738,194.4,31.2,101.85,-0.109,301.808,3.03,1.6105,3.816,4.204,2.721,4.843,4.486,3.754,4.446,4.427,2.738,5.045,0.899,0.05,1.72,118.75,157.3057,536.76,330.7134,611.665,92.8906,1323.64,1147.45,395.36,14.14,72.6,148.75,525.17,270.74,824.58,1.38,1.5982,4.778,1.1898,28.62,347.85,0,2002,Pre-Crisis
2002-12-24,1738,198.74,31.97,103.29,-0.155,301.6488,3.5,1.5966,3.936,4.286,2.811,4.915,4.58,3.874,4.529,4.5,2.82,5.116,0.935,0.049,1.763,120.24,149.482,534.03,328.9714,608.1801,92.9403,1313.43,1145.84,400.96,14.67,73.69,147.7,518.2,264.63,837.34,1.42,1.7261,4.867,1.1796,26.49,346.55,0,2002,Pre-Crisis
2003-02-25,1768,216.76,36.06,99.86,0.219,314.5004,2.39,1.5759,3.822,3.878,2.304,4.667,4.393,3.293,4.405,4.073,2.415,4.922,0.771,0.045,1.439,117.07,161.2598,555.29,345.2782,616.2229,97.9451,1346.08,1156.62,356.45,14.66,63.91,142.91,505.53,277.27,787.16,1.33625,1.5505,4.7781,1.1898,31.74,354.0,0,2003,Pre-Crisis
2003-02-18,1709,214.92,36.96,100.53,0.31,310.7702,2.78,1.5919,3.951,3.996,2.454,4.681,4.382,3.42,4.372,4.189,2.564,4.946,0.872,0.045,1.575,118.9,161.2598,550.98,341.9941,613.3491,97.8849,1334.53,1153.58,367.11,14.9,68.02,143.37,527.2,276.86,798.81,1.34,1.6248,4.8632,1.1691,31.11,343.55,0,2003,Pre-Crisis
2003-02-11,1627,216.22,35.44,100.39,0.258,309.164,2.78,1.6191,3.959,4.011,2.484,4.683,4.354,3.387,4.342,4.201,2.603,4.944,0.82,0.045,1.524,121.16,161.2598,554.98,343.1155,611.8114,97.8761,1334.04,1152.27,373.73,14.81,66.8,142.19,520.26,273.4,778.14,1.34,1.633,4.8614,1.1694,33.68,364.25,1,2003,Pre-Crisis
2003-02-04,1542,211.3,33.58,99.14,0.241,307.4742,2.86,1.6488,3.924,4.017,2.561,4.645,4.343,3.62,4.306,4.221,2.689,4.913,0.849,0.04,1.538,119.7,161.2598,555.46,343.1803,611.0268,97.8163,1333.37,1151.58,374.79,14.86,66.49,143.22,522.25,256.53,796.19,1.34,1.6531,4.7892,1.1541,32.76,378.05,1,2003,Pre-Crisis
2006-05-23,2468,352.31,71.76,84.35,0.129,478.7329,2.6,1.8819,5.014,3.932,3.274,4.22,4.441,4.725,4.234,4.241,3.372,4.657,1.795,0.698,2.344,111.32,212.7312,817.0,534.1598,700.9515,150.9704,1513.9,1269.15,1740.4,35.22,111.51,438.23,973.19,1018.69,1186.69,5.08063,4.916,5.1155,4.8128,18.26,670.8,0,2006,Pre-Crisis
2006-05-16,2502,353.2,69.53,84.17,0.197,483.6144,2.61,1.8819,5.097,3.978,3.295,4.262,4.403,4.74,4.171,4.29,3.393,4.689,1.959,0.79,2.446,110.05,212.7272,819.93,537.3307,698.9552,151.6433,1510.52,1268.17,1975.09,37.0,115.51,482.07,1016.13,1133.56,1221.02,5.08063,4.9416,5.2091,4.8128,13.35,690.65,0,2006,Pre-Crisis
2006-05-09,2414,354.93,70.69,84.83,0.242,488.0748,2.39,1.8643,5.123,4.031,3.418,4.276,4.536,4.771,4.337,4.335,3.522,4.689,1.959,0.71,2.469,111.25,210.295,820.82,538.5905,698.2145,151.4144,1510.57,1267.1,2194.22,39.18,120.51,510.18,1079.4,1236.89,1252.84,5.08,4.9583,5.1976,4.8752,11.99,698.2,0,2006,Pre-Crisis
2006-05-02,2364,357.02,74.61,85.79,0.159,488.44,2.65,1.838,5.11,3.984,3.403,4.222,4.464,4.654,4.282,4.298,3.52,4.636,1.92,0.65,2.454,113.56,209.1354,819.42,537.1733,697.172,151.1578,1509.73,1266.71,2113.71,37.81,119.3,494.35,1072.38,1205.21,1240.44,5.04,4.9081,5.2076,4.8024,11.99,664.65,0,2006,Pre-Crisis
2007-07-24,6720,317.89,73.56,80.077,-0.025,534.4295,4.07,2.0621,4.911,4.431,4.395,4.545,4.899,5.682,4.655,4.693,4.496,4.948,1.871,1.02,2.538,120.75,229.3443,890.15,591.555,735.2634,162.7144,1616.34,1354.75,3119.95,70.65,135.6,640.68,1122.11,1289.36,1427.55,5.32,4.7362,5.0296,5.0031,18.55,683.76,0,2007,Pre-Crisis
2007-07-17,6637,318.59,74.02,80.54,0.032,536.7317,4.07,2.0464,5.051,4.596,4.511,4.696,5.077,5.8,4.834,4.849,4.588,5.105,1.931,1.051,2.583,122.32,225.8752,906.94,599.7819,732.8021,163.8781,1608.86,1349.63,3165.82,68.22,138.69,625.81,1129.13,1302.5,1464.0,5.32,4.8736,5.1383,4.9614,15.63,666.1,0,2007,Pre-Crisis
2007-07-10,6301,323.04,72.81,80.86,0.061,535.6736,4.06,2.0232,5.023,4.589,4.473,4.683,5.041,5.74,4.797,4.817,4.544,5.075,1.968,1.08,2.583,122.29,225.5687,905.17,598.4458,732.6221,164.4637,1613.38,1351.68,2987.66,68.09,137.49,611.18,1135.34,1241.19,1427.06,5.32,4.8321,5.1176,4.9406,17.57,663.4,0,2007,Pre-Crisis
2007-07-03,6302,316.64,71.41,81.486,0.125,536.4186,4.14,2.0181,5.039,4.562,4.446,4.674,5.072,5.743,4.837,4.787,4.526,5.064,1.878,1.045,2.494,122.31,224.1491,908.54,599.7186,731.7773,165.0135,1611.06,1351.17,2949.91,65.17,138.02,604.65,1130.44,1229.09,1440.7,5.32,4.8746,5.139,4.9504,14.92,653.81,0,2007,Pre-Crisis
2007-10-30,10886,344.19,90.38,76.773,-0.213,555.7433,4.033,2.0675,4.381,4.187,3.954,4.459,4.683,5.047,4.497,4.481,4.125,4.851,1.619,0.775,2.474,114.9,243.0098,917.91,611.4581,749.7559,163.4007,1669.93,1405.6,3866.17,104.18,134.52,806.49,1024.6,1428.27,1449.15,4.7525,3.8051,4.6742,3.9531,21.07,784.5,0,2007,Pre-Crisis
2007-10-23,10944,335.34,85.27,77.589,-0.03,552.2629,4.03,2.0495,4.405,4.199,3.984,4.475,4.709,5.055,4.519,4.465,4.111,4.84,1.59,0.799,2.405,114.67,240.4108,917.72,609.293,751.064,163.3892,1667.14,1402.92,3637.95,99.47,132.7,752.4,1001.03,1362.29,1438.47,4.8925,3.8128,4.6942,3.9738,20.41,758.44,0,2007,Pre-Crisis
2007-10-16,10748,339.33,87.61,78.251,-0.031,550.0177,3.83,2.0323,4.649,4.436,4.197,4.685,4.842,5.274,4.644,4.683,4.286,5.043,1.704,0.89,2.469,116.69,235.6087,922.7,610.9794,745.7895,164.4893,1648.97,1389.0,3555.82,98.49,134.22,774.43,1037.7,1377.66,1455.43,5.045,4.1252,4.9031,4.2436,20.02,758.2,0,2007,Pre-Crisis
2007-10-09,9860,325.89,80.26,78.526,-0.089,547.926,3.673,2.0332,4.649,4.319,4.049,4.541,4.673,5.104,4.486,4.57,4.179,4.908,1.72,0.895,2.465,116.99,237.0855,919.03,608.1183,745.1577,163.9835,1644.91,1387.58,3668.48,91.09,135.39,741.95,1058.31,1373.07,1480.24,5.12,4.1244,4.8615,4.0122,16.12,738.45,0,2007,Pre-Crisis
2007-12-18,9751,347.05,90.49,77.412,-0.016,553.7301,3.852,2.0135,4.12,4.285,4.032,4.585,4.654,4.612,4.461,4.602,4.185,4.967,1.544,0.721,2.385,113.21,244.9739,900.19,600.2769,753.086,158.0692,1661.29,1421.06,3624.89,80.96,125.93,799.3,933.88,1513.16,1377.23,4.965,3.1911,4.5354,3.0323,22.64,802.17,0,2007,Pre-Crisis
2007-12-11,9929,346.83,90.02,76.222,-0.168,554.4674,3.789,2.0386,3.971,4.24,3.899,4.598,4.623,4.473,4.458,4.547,4.161,4.977,1.59,0.745,2.4,111.76,247.1952,905.14,604.3155,753.5564,157.576,1667.81,1421.59,3918.18,90.9,130.42,845.36,996.79,1557.52,1399.7,5.23188,2.9189,4.4664,2.8981,23.59,811.25,0,2007,Pre-Crisis
2007-12-04,10285,340.08,88.32,75.694,-0.298,554.0193,4.038,2.0575,3.894,4.026,3.786,4.458,4.522,4.428,4.387,4.39,4.007,4.873,1.415,0.72,2.269,109.87,251.3717,897.3,601.0456,754.8133,157.9974,1675.78,1427.39,3724.26,89.67,126.88,813.75,962.37,1472.2,1384.49,5.24563,2.8722,4.356,3.0426,23.79,803.55,0,2007,Pre-Crisis
2007-11-27,9897,347.77,94.42,75.096,-0.223,549.162,4.108,2.065,3.95,4.037,3.679,4.472,4.552,4.437,4.417,4.403,3.955,4.89,1.5,0.768,2.32,108.62,252.1718,887.94,595.336,751.5067,156.5659,1684.12,1417.05,3438.13,84.4,123.8,792.2,940.12,1426.58,1351.9,4.8,3.0677,4.3633,3.1458,26.28,811.73,0,2007,Pre-Crisis
2008-06-10,11409,432.52,131.31,73.696,-0.304,566.116,3.963,1.9538,4.105,4.52,4.658,4.758,5.0267,5.3701,4.6688,5.072,4.903,5.301,1.809,0.949,2.515,107.23,258.1755,913.84,611.8469,762.8185,152.8088,1664.71,1440.77,4319.01,66.46,107.18,606.6,877.41,1513.98,1295.91,2.44813,2.9206,4.6985,2.0075,23.18,869.76,0,2008,Pre-Crisis
2008-06-03,11503,419.73,124.31,73.24,-0.314,568.4743,4.114,1.9641,3.896,4.427,4.365,4.842,5.004,4.993,4.663,4.881,4.556,5.288,1.72,0.87,2.51,105.23,258.6838,912.9,612.4247,766.2974,154.6948,1683.82,1464.35,4517.55,70.58,112.19,649.63,894.19,1583.32,1313.45,2.45563,2.3984,4.6206,1.8437,20.24,882.55,0,2008,Pre-Crisis
2008-05-27,11269,425.24,128.85,72.338,-0.145,566.2949,4.024,1.9754,3.921,4.306,4.209,4.737,4.919,5.016,4.563,4.753,4.403,5.19,1.769,0.858,2.554,104.08,261.5371,913.96,614.0455,766.4139,155.4186,1674.41,1465.44,4529.06,70.11,110.94,665.14,867.82,1571.66,1318.06,2.3825,2.5012,4.6406,1.8891,19.64,909.05,0,2008,Pre-Crisis
2008-05-20,11793,427.23,129.07,72.405,-0.16,568.432,3.999,1.9707,3.776,4.19,3.995,4.665,4.847,4.794,4.516,4.626,4.237,5.102,1.649,0.821,2.485,103.71,262.3452,920.82,617.4316,768.2906,156.3685,1696.42,1474.46,4721.36,73.93,114.0,707.35,889.31,1617.64,1344.87,2.45125,2.2983,4.5294,1.859,17.58,921.9,0,2008,Pre-Crisis
2008-08-19,7543,388.51,114.53,76.839,0.178,560.8508,4.292,1.8665,3.834,4.165,3.975,4.635,4.7239,4.558,4.4271,4.799,4.309,5.194,1.441,0.68,2.294,109.77,257.2708,878.26,585.9572,767.1564,146.2309,1658.52,1459.04,3277.72,54.88,97.74,582.62,782.55,1076.53,1205.61,2.47063,2.2954,4.4615,1.7925,21.28,810.91,0,2008,Pre-Crisis
2008-08-12,6992,384.0,113.01,76.152,0.151,559.1142,4.295,1.8991,3.9,4.23,4.046,4.637,4.7243,4.6684,4.4046,4.76,4.336,5.178,1.461,0.71,2.26,109.78,258.9766,878.17,586.2824,762.5953,145.8444,1658.64,1450.14,3352.54,57.73,101.92,608.58,806.06,1172.04,1226.15,2.46375,2.422,4.5333,1.8539,21.17,807.61,0,2008,Pre-Crisis
2008-08-05,8100,398.41,119.17,73.881,0.058,558.9295,4.289,1.9526,4.019,4.31,4.25,4.638,4.836,4.7464,4.528,4.851,4.559,5.187,1.54,0.76,2.38,108.25,262.0331,872.14,586.448,757.7163,143.9903,1648.12,1447.77,3569.63,60.79,99.51,600.19,788.37,1146.1,1220.88,2.46125,2.5467,4.6408,1.7311,21.14,880.44,0,2008,Pre-Crisis
2008-07-29,8434,411.52,122.19,73.309,0.012,558.6058,4.292,1.9802,4.04,4.477,4.344,4.769,4.8847,4.8764,4.5558,5.021,4.657,5.314,1.55,0.785,2.415,108.15,261.5844,876.63,589.736,756.6032,145.6208,1643.45,1448.16,3713.43,62.18,97.74,550.27,810.48,1202.8,1202.88,2.4625,2.6209,4.6235,1.7107,22.03,917.99,0,2008,Pre-Crisis
2009-06-16,3951,255.85,70.47,80.709,0.445,558.4055,0.837,1.6408,3.661,3.525,1.589,4.302,4.5582,1.4241,4.6302,4.623,1.814,5.504,1.473,0.377,2.28,96.42,240.2539,877.16,580.5883,780.6688,150.8074,1709.01,1587.92,2586.26,54.17,72.81,591.27,566.32,638.46,867.36,0.31875,1.1833,4.4727,0.1633,32.68,931.9,0,2009,Pre-Crisis
2009-06-09,3518,260.38,70.01,79.787,0.431,554.8426,0.55,1.6281,3.858,3.636,1.667,4.286,4.4076,1.4522,4.4918,4.688,1.924,5.452,1.534,0.389,2.285,97.57,240.6166,868.26,574.8666,782.9351,147.9978,1674.24,1575.05,2669.35,54.12,73.41,594.55,569.78,648.09,896.44,0.32313,1.3015,4.6524,0.1704,28.27,956.37,0,2009,Pre-Crisis
2009-06-02,4106,260.21,68.55,78.404,0.276,552.1702,0.831,1.6568,3.615,3.659,1.411,4.466,4.5297,1.1692,4.6443,4.509,1.656,5.453,1.524,0.369,2.31,95.73,244.2529,856.16,568.867,787.9042,145.528,1685.2,1585.97,2723.91,54.56,74.82,584.85,567.71,713.33,898.91,0.32,0.9464,4.4824,0.1258,29.63,981.22,0,2009,Pre-Crisis
2009-05-26,2942,245.43,62.45,80.131,0.037,547.5259,1.082,1.5938,3.549,3.621,1.407,4.397,4.447,1.0189,4.5818,4.448,1.733,5.387,1.448,0.365,2.21,94.91,240.6516,833.76,552.7382,796.3921,140.241,1648.56,1593.45,2522.98,49.8,72.95,537.43,548.12,608.85,865.69,0.31313,0.9159,4.4912,0.1704,30.62,952.48,0,2009,Pre-Crisis
2010-01-19,3208,283.25,79.02,77.5,-0.182,646.0851,0.316,1.6377,3.694,3.277,1.178,4.041,4.447,1.3129,4.4239,4.063,1.659,4.874,1.335,0.165,2.308,91.06,261.6518,1074.52,718.4244,835.7495,199.7437,1912.77,1656.21,3636.48,65.08,90.39,713.82,596.12,872.94,1095.0,0.23063,0.8862,4.5873,0.0436,17.58,1139.75,0,2010,Pre-Crisis
2010-01-12,3160,284.52,80.79,76.954,-0.092,647.9719,0.347,1.617,3.713,3.313,1.21,4.075,4.4026,1.1887,4.4037,4.055,1.644,4.894,1.36,0.175,2.319,90.81,263.4432,1075.25,720.6001,833.983,198.8232,1914.62,1652.92,3714.56,66.77,89.06,710.61,599.34,851.69,1081.4,0.23313,0.9034,4.6171,0.0385,18.25,1137.8,0,2010,Pre-Crisis
2010-01-05,3270,289.41,81.77,77.619,0.045,640.2353,0.41,1.6004,3.763,3.373,1.286,4.083,4.4795,1.3231,4.4439,4.101,1.51,4.822,1.335,0.16,2.299,91.56,260.7601,1061.52,708.5426,832.7256,193.2905,1905.72,1647.51,3754.74,66.71,89.54,718.61,577.0,811.3,1081.73,0.23344,1.008,4.6091,0.0608,19.35,1121.35,0,2010,Pre-Crisis
2009-12-29,3005,283.73,78.87,77.831,0.018,636.3644,0.302,1.592,3.799,3.368,1.29,4.091,4.5478,1.3804,4.4897,4.103,1.525,4.825,1.305,0.161,2.296,92.07,258.9979,1050.28,701.0172,832.0873,190.3734,1886.88,1640.38,3618.74,63.74,88.37,705.57,574.35,798.99,1071.7,0.23125,1.0792,4.637,0.0821,20.01,1097.88,0,2009,Pre-Crisis
2010-04-27,3203,273.18,82.44,82.146,0.184,677.019,0.338,1.5288,3.69,2.939,0.804,3.625,4.5283,1.2242,4.565,4.048,1.772,4.869,1.315,0.169,2.161,93.07,255.0605,1126.76,749.6822,851.6015,213.7115,1961.39,1673.87,3464.03,63.66,90.69,722.55,622.22,859.72,1127.62,0.26469,0.9506,4.5763,0.14,22.81,1161.25,0,2010,Pre-Crisis
2010-04-20,2998,275.78,83.45,81.049,0.11,676.7839,0.334,1.5355,3.801,3.098,0.893,3.845,4.5734,1.1586,4.5846,3.962,1.304,4.815,1.33,0.165,2.216,93.28,255.6271,1120.62,747.8769,847.5099,213.482,1950.64,1668.59,3624.63,64.48,93.57,713.0,607.12,872.22,1149.8,0.2575,1.0081,4.6734,0.141,15.73,1138.88,0,2010,Pre-Crisis
2010-04-13,2928,277.35,84.05,80.507,0.071,671.9796,0.325,1.5368,3.822,3.146,0.972,3.875,4.5743,1.1542,4.5901,3.98,1.348,4.813,1.385,0.165,2.231,93.18,256.2144,1112.98,742.6369,843.2241,211.2959,1945.22,1669.03,3660.59,66.15,93.18,726.87,617.79,882.53,1140.1,0.25298,1.0484,4.6813,0.145,16.2,1152.38,0,2010,Pre-Crisis
2010-04-06,2981,278.52,86.84,81.387,0.035,668.0201,0.325,1.5232,3.952,3.143,0.979,3.837,4.5301,1.2204,4.5576,4.013,1.386,4.818,1.405,0.171,2.254,93.89,253.2481,1104.81,735.2709,841.4959,209.5718,1921.22,1655.31,3693.65,65.22,93.37,731.28,620.94,881.45,1132.75,0.24863,1.136,4.8324,0.1633,16.23,1136.18,0,2010,Pre-Crisis
2010-08-03,1964,276.63,82.55,80.596,-0.11,704.1237,0.423,1.593,2.91,2.607,0.725,3.329,4.152,0.7786,4.2189,3.873,1.642,4.87,1.044,0.155,1.724,85.78,262.4346,1142.34,763.0226,870.4908,216.5038,2039.08,1728.74,3467.3,63.8,90.87,730.67,535.76,810.36,1064.88,0.30281,0.5301,4.0488,0.1359,22.63,1187.05,0,2010,Pre-Crisis
2010-07-27,1869,264.46,77.5,82.185,-0.123,697.1496,0.5,1.5566,3.05,2.77,0.876,3.431,4.3366,0.9467,4.3892,3.974,1.73,4.939,1.06,0.15,1.786,87.85,254.571,1136.92,755.5651,868.7811,213.6394,2020.64,1725.31,3381.11,62.54,89.48,730.69,525.78,791.93,1058.91,0.325,0.6332,4.0787,0.142,23.19,1160.0,0,2010,Pre-Crisis
2010-07-20,1761,261.52,77.44,82.747,-0.118,687.1318,0.556,1.5283,2.95,2.636,0.775,3.332,4.1682,0.7931,4.2188,4.001,1.723,5.017,1.1,0.149,1.87,87.23,253.732,1123.48,744.115,866.8208,209.798,2018.72,1720.09,3262.48,60.63,85.46,723.13,517.13,741.99,1030.64,0.33688,0.5764,3.9789,0.145,23.93,1191.23,0,2010,Pre-Crisis
2010-07-13,1790,261.91,77.15,83.643,-0.055,681.9697,0.394,1.5153,3.123,2.641,0.728,3.306,4.1361,0.7725,4.1927,4.064,1.829,5.063,1.135,0.151,1.911,88.3,253.3561,1117.41,737.7285,863.4502,208.7191,1995.28,1715.58,3269.87,61.16,88.74,727.28,531.27,757.41,1041.52,0.34094,0.6651,4.1063,0.142,24.56,1215.25,0,2010,Pre-Crisis
2011-05-17,1274,336.48,96.91,75.399,0.325,747.919,1.11,1.6209,3.117,3.092,1.789,3.601,4.1298,0.9808,4.2029,4.602,2.901,5.478,1.16,0.185,2.07,81.36,283.5107,1284.56,859.0502,885.0086,236.0789,2137.95,1770.68,3504.09,67.16,95.7,716.56,517.33,962.65,1270.54,0.197,0.5202,4.2271,0.0355,17.55,1480.5,0,2011,Pre-Crisis
2011-05-10,1344,348.57,103.88,74.611,0.36,744.717,0.59,1.6329,3.214,3.121,1.705,3.608,4.1213,1.0144,4.1995,4.631,2.937,5.499,1.141,0.195,2.055,80.72,285.8616,1283.07,859.6035,877.8049,235.4572,2125.15,1763.0,3643.56,68.17,97.68,727.06,533.52,1024.62,1298.07,0.20185,0.585,4.3506,0.0253,15.91,1516.16,0,2011,Pre-Crisis
2011-05-03,1292,365.05,111.05,73.14,0.439,741.5782,1.42,1.6529,3.249,3.277,1.874,3.729,4.1016,1.0171,4.1597,4.691,2.985,5.554,1.209,0.197,2.15,80.98,289.1775,1279.75,862.3356,872.148,233.9219,2120.04,1757.44,3650.9,68.9,97.61,729.03,540.05,1053.47,1296.91,0.21025,0.6013,4.3507,0.0203,16.7,1539.73,0,2011,Pre-Crisis
2011-04-26,1250,366.19,112.21,73.837,0.534,736.8327,1.434,1.6477,3.309,3.247,1.728,3.749,4.159,1.0836,4.21,4.802,3.116,5.641,1.224,0.205,2.14,81.76,285.515,1274.3,856.372,867.4863,233.5284,2108.62,1752.13,3878.47,70.88,97.21,766.67,519.56,1082.7,1288.12,0.2126,0.6029,4.3905,0.0558,15.62,1502.31,0,2011,Pre-Crisis
2011-07-12,1411,344.26,97.43,75.809,-0.547,758.0479,0.592,1.5934,2.878,2.709,1.283,3.359,4.0222,0.7002,4.1363,5.562,4.071,6.063,1.105,0.152,2.031,79.55,286.292,1277.14,852.3257,894.4564,229.3287,2159.78,1785.63,3459.89,63.99,92.62,720.48,532.13,1001.57,1256.72,0.18575,0.351,4.1677,0.0203,19.87,1554.13,0,2011,Pre-Crisis
2011-07-05,1428,341.63,96.89,74.691,-0.461,756.1426,0.909,1.6072,3.122,3.007,1.637,3.661,4.1644,0.8067,4.2617,4.993,3.076,5.72,1.167,0.163,2.072,81.14,288.6683,1276.79,858.3435,888.9543,231.5071,2131.85,1778.93,3660.18,67.6,95.12,737.65,537.88,1023.87,1280.07,0.18505,0.4265,4.3728,-0.0051,16.06,1510.43,0,2011,Pre-Crisis
2011-06-28,1438,334.46,92.89,75.063,-0.389,751.2011,0.858,1.6004,3.032,2.932,1.466,3.657,4.1301,0.7862,4.2328,4.978,3.285,5.756,1.085,0.16,1.988,80.96,286.1538,1262.75,848.3784,891.4917,229.5323,2127.62,1778.4,3566.29,65.23,91.57,723.91,515.85,988.48,1240.3,0.18555,0.4732,4.3242,0.0203,19.17,1501.9,0,2011,Pre-Crisis
2011-06-21,1409,338.14,93.4,74.541,-0.4,751.6545,1.338,1.6226,2.984,2.978,1.53,3.657,4.0812,0.7901,4.1861,4.81,2.964,5.629,1.123,0.158,2.025,80.13,287.1634,1263.16,849.4516,891.1744,231.455,2141.98,1778.98,3501.62,63.8,93.05,691.53,507.14,987.19,1238.22,0.1858,0.3665,4.2185,0.0203,18.86,1544.36,0,2011,Pre-Crisis
2011-10-18,2136,314.91,88.34,77.138,-0.19,751.3793,0.93,1.5705,2.178,2.011,0.58,2.759,3.1772,0.5783,3.3764,5.86,4.423,6.693,1.021,0.146,1.956,76.85,288.4897,1219.63,808.3629,917.0568,211.3065,2180.41,1813.44,2857.6,50.87,81.61,656.05,461.79,751.02,1170.14,0.24444,0.2658,3.1718,0.0153,31.56,1654.07,0,2011,Pre-Crisis
2011-10-11,2106,310.51,85.81,77.585,-0.209,737.9856,0.919,1.5597,2.151,2.087,0.647,2.805,3.3021,0.6265,3.5068,5.613,4.089,6.505,0.994,0.135,1.9,76.72,288.467,1194.22,790.8476,913.2066,206.3697,2161.12,1812.61,2814.79,50.74,81.53,646.98,463.54,708.49,1141.32,0.243,0.3004,3.0999,0.0,32.86,1663.0,0,2011,Pre-Crisis
2011-10-04,1885,293.28,75.67,79.597,-0.253,724.9351,1.463,1.5392,1.822,1.724,0.455,2.5,3.0734,0.578,3.3081,5.48,4.189,6.504,0.987,0.137,1.908,76.84,288.7015,1165.22,769.677,922.1982,203.3493,2183.4,1820.73,2514.99,44.74,75.35,619.96,451.01,633.51,1072.45,0.24,0.2513,2.8039,0.0,40.82,1621.49,1,2011,Pre-Crisis
2011-09-27,1927,311.44,84.45,77.506,-0.321,730.6898,1.055,1.5647,1.972,1.96,0.529,2.698,3.4336,0.5577,3.6603,5.577,4.227,6.421,0.997,0.121,1.882,76.57,288.1766,1213.8,798.516,925.1237,207.0649,2174.28,1815.38,2754.53,50.42,79.67,646.15,460.94,716.91,1123.29,0.23744,0.235,3.0693,0.0102,37.71,1656.55,1,2011,Pre-Crisis
2012-03-27,917,315.43,107.33,79.047,0.592,811.9746,0.359,1.5965,2.184,1.888,0.237,2.531,3.1696,0.4439,3.3708,5.108,2.594,5.841,1.011,0.112,1.947,83.14,302.5461,1340.71,893.2117,959.1632,244.166,2278.61,1846.17,3286.51,59.13,92.24,679.3,538.76,904.14,1350.33,0.24125,0.3193,3.2975,0.0813,15.59,1684.73,0,2012,Pre-Crisis
2012-03-20,884,315.53,105.61,79.593,0.644,812.6568,0.361,1.5863,2.36,2.039,0.331,2.652,3.2737,0.466,3.4596,4.891,2.29,5.623,1.031,0.108,1.955,83.64,298.602,1339.21,892.7255,952.799,244.8317,2255.08,1840.14,3284.25,58.85,92.99,681.65,536.65,900.43,1343.71,0.24175,0.3914,3.4454,0.0915,15.58,1648.0,0,2012,Pre-Crisis
2012-03-13,844,318.07,106.71,80.193,0.675,817.0372,0.362,1.5722,2.127,1.82,0.177,2.497,3.0468,0.4641,3.2363,4.885,1.988,5.611,0.972,0.105,1.94,82.69,301.6868,1340.71,891.5887,960.8447,243.0666,2275.16,1845.34,3369.83,61.24,93.16,703.83,521.3,929.47,1335.32,0.24175,0.346,3.2663,0.0813,14.8,1693.7,0,2012,Pre-Crisis
2012-03-06,787,314.45,104.7,79.866,0.688,811.3181,0.36,1.5713,1.944,1.776,0.165,2.44,3.0074,0.418,3.1944,5.055,1.857,5.789,0.988,0.11,1.945,80.67,301.3669,1332.38,885.1012,961.8113,241.0187,2294.24,1845.53,3289.08,59.52,89.43,677.75,509.49,894.42,1285.11,0.24275,0.2777,3.0736,0.0712,20.87,1667.02,0,2012,Pre-Crisis
2012-05-01,1152,307.95,106.16,78.864,0.132,822.6677,0.346,1.6219,1.944,1.662,0.076,2.358,3.0749,0.4385,3.3209,5.505,3.115,6.02,0.876,0.11,1.86,80.2,305.2682,1356.83,900.9551,970.0911,243.6559,2299.17,1857.7,2950.49,60.12,89.28,676.89,484.94,844.89,1344.09,0.23875,0.2657,3.146,0.0864,16.6,1662.98,0,2012,Pre-Crisis
2012-04-24,1116,301.29,103.55,79.225,0.099,816.2143,0.344,1.6132,1.974,1.697,0.127,2.41,3.0819,0.4196,3.3117,5.662,3.279,6.18,0.928,0.109,1.905,81.17,303.6559,1343.35,890.6661,969.4428,241.0726,2295.13,1856.23,3004.2,58.94,87.91,673.79,494.48,833.93,1311.66,0.23875,0.2662,3.1281,0.0813,18.1,1641.39,0,2012,Pre-Crisis
2012-04-17,989,302.04,104.2,79.476,0.22,813.0056,0.346,1.5932,1.999,1.749,0.144,2.412,3.0733,0.4245,3.3106,5.463,3.154,6.058,0.928,0.106,1.891,80.74,304.071,1339.49,887.2372,965.6693,240.6043,2291.7,1855.53,3062.39,58.9,89.65,682.67,493.95,841.46,1329.58,0.23975,0.2701,3.1411,0.0763,18.46,1652.0,0,2012,Pre-Crisis
2012-04-10,928,300.45,101.02,79.891,0.241,810.8494,0.352,1.5853,1.983,1.641,0.091,2.359,2.9731,0.3868,3.1952,5.673,3.521,6.296,0.95,0.106,1.925,80.75,302.6654,1333.69,884.0305,965.1598,240.6335,2292.24,1855.21,3043.67,58.07,87.32,681.44,501.43,849.33,1298.79,0.24125,0.2858,3.1281,0.0813,20.39,1656.76,1,2012,Pre-Crisis
2012-10-23,1109,299.88,86.67,79.976,0.19,892.22,0.095,1.5941,1.758,1.571,0.104,2.408,2.7198,0.2445,3.134,4.861,2.197,5.549,0.778,0.097,1.94,79.82,310.9101,1440.34,964.7041,1001.5343,267.379,2439.51,1882.49,2624.54,59.25,92.47,727.3,461.06,783.07,1348.04,0.2107,0.2865,2.9025,0.1014,18.83,1709.62,0,2012,Pre-Crisis
2012-10-16,981,306.2,92.09,79.405,-0.056,892.4798,0.092,1.6117,1.719,1.543,0.079,2.389,2.7054,0.2478,3.1529,4.926,2.088,5.585,0.756,0.097,1.916,78.91,312.1801,1440.15,964.2778,1001.1444,265.7827,2441.72,1882.56,2712.35,57.48,94.56,724.03,450.48,795.18,1387.36,0.214,0.266,2.9153,0.0862,15.22,1743.81,0,2012,Pre-Crisis
2012-10-09,875,309.12,92.39,79.951,-0.081,883.3401,0.093,1.5998,1.714,1.473,0.037,2.316,2.6331,0.1914,3.0941,5.096,2.329,5.73,0.768,0.097,1.918,78.24,313.005,1432.87,955.6304,1000.3286,264.0857,2425.79,1882.98,2671.49,56.03,93.12,733.87,446.83,798.07,1374.44,0.2175,0.2579,2.9257,0.0963,16.37,1765.85,0,2012,Pre-Crisis
2012-10-02,778,311.49,91.89,79.744,-0.238,880.8092,0.107,1.6164,1.621,1.455,0.039,2.3,2.6204,0.1927,3.0573,5.018,2.163,5.768,0.758,0.097,1.888,78.07,313.2496,1428.15,953.1653,999.9663,262.5624,2426.99,1886.67,2692.14,55.78,93.64,735.93,449.18,808.16,1378.78,0.2135,0.2343,2.816,0.0862,15.71,1778.68,0,2012,Pre-Crisis
2014-09-23,1073,277.8019,91.56,84.658,0.364,931.3825,0.007,1.6359,2.528,1.012,-0.051,1.929,2.9485,0.854,3.0807,2.398,0.358,3.67,0.537,0.065,1.671,108.94,322.5748,1652.46,1106.6066,1052.4149,325.657,2548.16,1932.36,2311.79,63.69,116.85,1001.2,818.08,633.51,1894.21,0.1545,0.5366,3.2463,0.0101,14.93,1221.4,0,2014,Pre-Crisis
2014-09-16,1150,284.392,94.88,84.074,0.424,929.9324,-0.014,1.6277,2.593,1.06,-0.06,2.014,3.0197,0.8182,3.1746,2.46,0.357,3.764,0.577,0.071,1.7,107.06,320.9614,1652.13,1107.4999,1049.7749,324.461,2535.99,1926.27,2482.93,64.64,117.22,992.67,804.29,653.41,1911.33,0.1536,0.5362,3.3604,0.0101,12.73,1237.07,0,2014,Pre-Crisis
2014-09-09,1197,285.7905,92.75,84.278,0.354,936.1265,0.0,1.6086,2.504,0.996,-0.077,1.969,2.9837,0.7795,3.1466,2.366,0.309,3.723,0.531,0.07,1.672,106.41,322.5069,1662.76,1111.9708,1051.3536,324.7389,2553.11,1931.74,2535.7,68.29,117.84,1025.79,796.32,677.9,1902.72,0.1535,0.5558,3.2338,0.0101,13.5,1249.33,0,2014,Pre-Crisis
2014-09-02,1149,289.2832,92.88,82.992,0.293,937.7669,0.101,1.6486,2.422,0.93,-0.036,1.825,2.9026,0.8535,3.0425,2.455,0.354,3.712,0.5,0.069,1.635,105.12,329.9669,1672.17,1120.7339,1053.1477,325.615,2567.01,1934.78,2698.77,66.32,117.13,1013.57,793.93,641.04,1916.18,0.1565,0.5237,3.1753,0.0152,12.25,1264.94,0,2014,Pre-Crisis
2015-08-04,1200,200.8702,45.74,97.931,-0.487,936.4651,-0.102,1.563,2.222,0.638,-0.252,1.34,2.4034,0.5703,2.5319,1.771,0.06,2.829,0.386,0.0,1.398,123.97,317.1819,1649.93,1081.4871,1078.6221,343.8173,2580.62,1983.58,1395.06,65.67,135.06,1053.32,1013.34,458.98,2004.92,0.1905,0.7322,2.8968,0.0763,13.0,1092.42,0,2015,Pre-Crisis
2015-07-28,1094,204.3911,47.98,96.772,-0.459,933.2114,-0.114,1.5599,2.251,0.689,-0.236,1.377,2.4781,0.5919,2.619,1.873,0.115,2.924,0.402,0.004,1.403,123.59,315.6633,1640.86,1078.4801,1077.7774,343.311,2573.38,1983.63,1409.77,65.99,132.41,1030.8,996.2,455.63,2004.15,0.189,0.668,2.965,0.0458,13.44,1095.32,0,2015,Pre-Crisis
2015-07-21,1113,212.0051,50.36,97.328,-0.428,938.8063,-0.122,1.5568,2.326,0.78,-0.223,1.497,2.6636,0.6363,2.8119,1.963,0.129,3.044,0.41,0.007,1.425,123.8,312.3531,1654.78,1085.3251,1074.3172,344.9601,2564.93,1979.54,1563.0,70.26,136.45,1056.72,1024.74,494.74,2029.38,0.189,0.6778,3.0617,0.0254,12.22,1107.45,0,2015,Pre-Crisis
2015-07-14,915,219.3837,53.04,96.643,-0.457,937.0755,-0.12,1.5585,2.402,0.835,-0.23,1.629,2.695,0.5979,2.849,2.063,0.199,3.234,0.454,0.005,1.459,123.36,311.0852,1663.59,1087.2205,1071.1679,342.1306,2554.98,1974.05,1642.67,69.12,135.05,1043.82,1003.86,501.53,2021.24,0.1873,0.637,3.1958,0.0051,13.37,1155.31,0,2015,Pre-Crisis
2015-12-22,474,171.9529,36.14,98.235,-0.462,919.3945,-0.237,1.482,2.237,0.601,-0.349,1.381,2.4298,0.6104,2.6001,1.635,0.033,2.656,0.27,-0.055,1.267,121.0,306.3884,1535.34,1033.8632,1103.2856,338.1798,2569.89,1996.41,1026.43,59.59,120.11,964.14,931.07,404.33,1944.05,0.4195,0.9729,2.9556,0.1882,16.6,1073.95,0,2015,Pre-Crisis
2015-12-15,484,174.2269,37.35,98.217,-0.496,919.521,-0.231,1.5056,2.267,0.64,-0.342,1.409,2.4676,0.6293,2.6199,1.682,0.087,2.719,0.291,-0.018,1.353,121.76,307.2884,1539.38,1035.4128,1100.4349,338.6665,2567.05,1995.45,1095.14,58.11,120.97,953.71,911.14,415.58,1948.05,0.3445,0.9639,2.9856,0.2441,20.95,1063.47,0,2015,Pre-Crisis
2015-12-08,551,177.3932,37.51,98.474,-0.578,927.9326,-0.138,1.5009,2.219,0.57,-0.316,1.369,2.3363,0.5859,2.4909,1.55,0.031,2.594,0.315,-0.033,1.378,122.95,309.9892,1568.39,1051.6392,1099.4672,342.9279,2586.73,1999.78,1120.52,59.9,123.18,947.86,951.81,414.27,1968.53,0.287,0.929,2.9549,0.2696,17.6,1074.31,0,2015,Pre-Crisis
2015-12-01,598,184.3933,41.85,99.795,-0.531,935.3612,-0.138,1.5074,2.144,0.467,-0.442,1.351,2.3268,0.5662,2.4709,1.408,-0.034,2.568,0.294,-0.011,1.375,122.92,311.9521,1592.25,1059.9067,1098.5241,346.0157,2602.04,2003.76,1121.27,61.17,129.59,974.61,973.4,449.74,2007.41,0.243,0.9067,2.9019,0.1983,14.67,1065.0,0,2015,Pre-Crisis
2018-10-02,1570,199.9694,75.23,95.507,0.118,1070.8803,-0.351,1.2981,3.064,0.421,-0.569,1.052,1.8578,0.7912,1.8916,3.448,1.47,3.823,0.125,-0.118,0.914,113.72,332.0381,2004.71,1302.1336,1162.9954,382.0489,2835.83,2060.59,1796.35,77.82,128.85,1292.85,1087.37,625.15,2783.88,2.26513,2.8108,3.2175,2.2073,12.05,1203.99,0,2018,Pre-Crisis
2018-09-25,1450,195.1227,72.28,94.133,0.094,1065.1633,-0.367,1.3169,3.097,0.542,-0.504,1.16,1.9539,0.8294,1.9814,2.875,0.829,3.483,0.128,-0.107,0.907,112.92,333.4949,1995.94,1301.8208,1160.1621,382.4768,2822.62,2053.74,1656.8,79.27,129.42,1303.12,1083.71,620.44,2777.6,2.21819,2.8391,3.2258,2.2047,12.42,1201.09,0,2018,Pre-Crisis
2018-09-18,1356,190.5617,69.85,94.64,0.059,1058.5716,-0.366,1.3134,3.056,0.479,-0.528,1.126,1.8819,0.8139,1.9121,2.787,0.617,3.458,0.112,-0.111,0.847,112.35,332.9154,1997.3,1294.4211,1162.1783,382.2923,2824.72,2056.76,1647.12,77.0,127.54,1333.13,1049.03,594.03,2767.04,2.16813,2.7988,3.2014,2.1612,12.79,1198.41,0,2018,Pre-Crisis
2018-09-11,1439,191.6674,69.25,95.249,0.069,1052.7914,-0.361,1.3007,2.976,0.429,-0.544,1.104,1.8226,0.789,1.8493,2.94,0.767,3.545,0.11,-0.112,0.833,111.62,332.1466,1989.31,1283.4875,1166.18,381.0576,2829.21,2061.92,1561.0,75.7,126.35,1333.93,1012.43,559.17,2752.27,2.13894,2.7438,3.1185,2.1381,13.22,1195.59,0,2018,Pre-Crisis
2018-12-04,1237,184.1379,53.25,96.965,-0.06,1060.3896,-0.349,1.2717,2.914,0.261,-0.62,0.908,1.7978,0.72,1.9187,3.153,0.652,3.786,0.068,-0.134,0.786,112.77,330.1937,1956.3,1270.7141,1172.8715,369.4257,2805.5,2073.43,2000.45,77.24,121.32,1265.13,983.84,614.29,2567.52,2.37888,2.7947,3.1727,2.4071,20.74,1240.1,0,2018,Pre-Crisis
2018-11-27,1339,179.9214,51.56,97.369,0.003,1048.4037,-0.362,1.2735,3.058,0.348,-0.585,1.015,1.8998,0.7702,1.9967,3.287,0.858,3.886,0.087,-0.144,0.807,113.78,324.1411,1942.31,1259.8142,1163.6061,370.4942,2790.81,2060.04,1952.1,74.38,120.99,1241.79,981.64,581.14,2549.36,2.33675,2.8329,3.3187,2.3893,19.02,1213.29,0,2018,Pre-Crisis
2018-11-20,1003,183.7848,53.43,96.836,0.08,1051.5561,-0.362,1.2796,3.064,0.349,-0.598,1.011,1.8812,0.7019,1.9607,3.614,1.358,4.12,0.098,-0.145,0.843,112.7,327.6306,1940.96,1263.4557,1161.6264,369.6251,2790.35,2057.81,2021.95,72.74,118.85,1240.92,971.4,593.68,2510.5,2.30025,2.8037,3.3147,2.3791,22.48,1222.07,0,2018,Pre-Crisis
2018-11-13,1064,184.5372,55.69,97.303,0.097,1057.7424,-0.361,1.2986,3.141,0.408,-0.573,1.053,1.9325,0.7939,1.9732,3.443,1.014,4.002,0.109,-0.143,0.869,113.95,328.1776,1966.07,1279.0739,1156.1329,378.3015,2799.26,2046.7,1936.23,72.65,123.25,1238.77,978.5,586.26,2586.65,2.30663,2.8911,3.3592,2.337,20.02,1201.95,0,2018,Pre-Crisis
2020-02-04,453,167.9337,49.61,97.961,0.035,1227.251,-0.454,1.3032,1.6,-0.4,-0.658,0.114,0.9847,0.4928,1.0837,0.949,-0.205,2.001,-0.053,-0.156,0.389,109.46,360.6754,2188.97,1419.059,1293.101,414.5897,3303.67,2250.27,2241.28,83.89,140.27,1361.62,1019.87,795.09,3151.71,1.66775,1.409,2.0769,1.5462,16.05,1550.74,0,2020,Pre-Crisis
2020-01-28,539,173.7966,53.48,98.018,0.036,1223.677,-0.452,1.2999,1.657,-0.342,-0.629,0.17,0.9658,0.4384,1.0602,1.03,-0.155,2.067,-0.044,-0.135,0.373,109.13,360.632,2185.49,1415.03,1292.356,413.9862,3299.44,2249.69,2275.27,85.25,140.21,1378.65,1024.34,813.13,3125.83,1.64925,1.4625,2.1118,1.5462,16.28,1569.94,0,2020,Pre-Crisis
2020-01-21,689,181.5638,58.34,97.531,0.012,1221.507,-0.452,1.3046,1.775,-0.25,-0.587,0.255,1.0501,0.4219,1.1511,1.369,0.003,2.429,-0.003,-0.132,0.443,109.92,359.1929,2198.08,1423.816,1286.358,415.2665,3280.73,2245.23,2289.23,86.96,142.16,1385.96,1048.26,851.54,3166.3,1.65338,1.5304,2.2358,1.533,12.85,1557.15,0,2020,Pre-Crisis
2020-01-14,763,183.6407,58.23,97.372,-0.086,1216.952,-0.453,1.3022,1.812,-0.172,-0.588,0.344,1.141,0.489,1.2261,1.393,-0.033,2.461,0.01,-0.128,0.453,110.1,357.6813,2195.73,1421.202,1282.458,414.0669,3258.88,2244.01,2338.03,89.41,140.9,1397.27,1052.83,836.33,3130.4,1.67625,1.57,2.27,1.5514,12.39,1543.58,0,2020,Pre-Crisis
2020-06-02,546,134.1152,36.81,97.673,0.19,1181.42,-0.455,1.2539,0.686,-0.417,-0.665,0.061,0.5614,-0.0328,0.6341,1.498,0.319,2.449,0.003,-0.163,0.515,108.69,366.4238,2100.05,1333.859,1287.985,384.6344,3344.67,2318.33,1445.6,83.64,119.69,1160.32,960.41,650.3,2955.15,0.17813,0.1623,1.4873,0.1395,26.84,1724.85,0,2020,Pre-Crisis
2020-05-26,506,131.6208,34.35,98.908,0.114,1173.067,-0.454,1.2335,0.698,-0.431,-0.653,0.009,0.5759,-0.0232,0.6387,1.548,0.438,2.471,0.001,-0.164,0.484,107.57,359.9057,2062.38,1307.064,1285.892,375.0824,3315.33,2314.8,1328.57,80.81,116.21,1066.62,925.85,622.44,2867.61,0.17375,0.1717,1.4446,0.1169,28.01,1712.42,0,2020,Pre-Crisis
2020-05-19,453,129.574,32.5,99.371,0.155,1154.09,-0.458,1.2249,0.69,-0.465,-0.683,-0.041,0.5842,-0.0295,0.6379,1.632,0.522,2.596,-0.003,-0.164,0.474,107.83,358.3148,2017.56,1279.78,1274.672,369.3344,3281.13,2314.88,1171.47,83.62,113.24,1052.76,897.38,597.95,2799.37,0.17075,0.1652,1.4089,0.1144,30.53,1742.39,0,2020,Pre-Crisis
2020-05-12,433,122.6289,25.78,99.933,0.157,1142.242,-0.456,1.2292,0.666,-0.508,-0.735,-0.066,0.5516,-0.0208,0.5902,1.887,0.699,2.767,-0.005,-0.159,0.461,107.36,355.3889,2012.66,1271.434,1264.206,370.1514,3241.21,2312.89,1122.98,81.45,113.76,1086.32,892.16,573.9,2748.57,0.19088,0.1589,1.3698,0.1195,33.04,1702.65,1,2020,Pre-Crisis
2020-08-18,1586,151.6949,42.89,92.271,0.531,1247.453,-0.464,1.3235,0.67,-0.464,-0.664,-0.029,0.6508,-0.045,0.7768,0.925,-0.151,1.876,0.034,-0.128,0.613,105.34,384.6164,2200.58,1421.95,1321.066,399.5976,3473.34,2320.48,1539.3,98.33,121.71,1342.64,980.09,643.94,3271.45,0.16138,0.1431,1.3955,0.0913,21.51,2006.91,0,2020,Pre-Crisis
2020-08-11,1510,146.8604,41.61,93.628,0.515,1255.837,-0.468,1.309,0.642,-0.479,-0.686,-0.047,0.6043,-0.0011,0.7335,0.941,-0.084,1.885,0.027,-0.121,0.568,106.54,384.8127,2213.3,1424.007,1326.294,399.2143,3503.3,2319.32,1562.15,95.54,122.88,1332.52,964.79,637.03,3206.47,0.16825,0.1489,1.329,0.0989,24.03,1942.06,0,2020,Pre-Crisis
2020-08-04,1463,147.9156,41.7,93.382,0.579,1247.166,-0.465,1.3065,0.508,-0.553,-0.713,-0.143,0.4892,-0.0743,0.5981,0.946,-0.082,1.894,0.012,-0.136,0.549,105.75,387.0908,2202.84,1413.093,1321.774,396.3083,3522.62,2320.86,1574.06,98.11,120.49,1309.58,946.7,612.93,3189.37,0.157,0.1073,1.1857,0.0864,23.76,1999.67,0,2020,Pre-Crisis
2020-07-28,1264,143.4783,41.04,93.696,0.532,1235.393,-0.466,1.2948,0.58,-0.509,-0.694,-0.097,0.515,-0.0991,0.6196,1.006,-0.052,1.955,0.018,-0.136,0.558,105.06,383.8555,2182.51,1402.907,1316.297,396.2165,3504.27,2315.56,1666.74,94.56,122.07,1320.36,954.29,616.19,3100.54,0.16625,0.1387,1.2168,0.0989,25.44,1946.99,0,2020,Pre-Crisis
2020-09-08,1328,145.9974,36.76,93.445,0.661,1250.412,-0.467,1.3045,0.68,-0.496,-0.711,-0.047,0.7031,-0.1378,0.7433,1.027,-0.088,2.003,0.035,-0.133,0.609,105.93,385.2108,2211.57,1428.176,1313.482,402.6564,3467.79,2321.09,1532.36,96.89,120.51,1325.93,983.62,569.41,3207.54,0.15563,0.1408,1.4213,0.1093,31.46,1939.01,0,2020,Pre-Crisis
2020-09-01,1471,153.3436,42.76,92.338,0.632,1252.322,-0.467,1.3392,0.67,-0.421,-0.681,0.039,0.8367,-0.1058,0.8794,1.034,-0.118,1.989,0.042,-0.117,0.61,106.02,387.9065,2221.12,1436.257,1313.343,402.274,3477.36,2321.74,1567.86,102.4,120.9,1336.11,982.46,613.09,3414.21,0.15675,0.1309,1.42,0.0991,26.12,1975.06,1,2020,Pre-Crisis
2020-08-25,1518,152.643,43.35,93.019,0.618,1249.067,-0.469,1.3123,0.684,-0.433,-0.664,0.006,0.7108,-0.0254,0.8397,1.024,-0.082,1.976,0.03,-0.118,0.587,106.44,382.2999,2212.33,1425.662,1317.256,400.797,3472.47,2317.25,1501.11,101.11,122.54,1343.31,988.37,614.46,3322.61,0.17425,0.1493,1.3935,0.0887,22.03,1916.35,1,2020,Pre-Crisis
2020-08-18,1586,151.6949,42.89,92.271,0.531,1247.453,-0.464,1.3235,0.67,-0.464,-0.664,-0.029,0.6508,-0.045,0.7768,0.925,-0.151,1.876,0.034,-0.128,0.613,105.34,384.6164,2200.58,1421.95,1321.066,399.5976,3473.34,2320.48,1539.3,98.33,121.71,1342.64,980.09,643.94,3271.45,0.16138,0.1431,1.3955,0.0913,21.51,2006.91,0,2020,Pre-Crisis
2020-10-13,1732,150.3841,40.2,93.531,0.791,1247.348,-0.468,1.2958,0.728,-0.557,-0.739,-0.134,0.7513,-0.048,0.8002,0.657,-0.35,1.497,0.026,-0.137,0.644,105.54,384.0372,2231.04,1427.627,1309.153,403.6562,3478.11,2315.72,1448.15,103.45,122.81,1403.78,996.96,548.67,3407.1,0.14425,0.139,1.5107,0.0887,26.07,1891.41,0,2020,Pre-Crisis
2020-10-06,2097,149.5058,40.67,93.686,0.82,1237.726,-0.47,1.2955,0.736,-0.509,-0.702,-0.083,0.8199,-0.0254,0.8667,0.775,-0.295,1.681,0.033,-0.125,0.632,105.62,380.4907,2216.26,1418.865,1310.47,401.7321,3461.43,2317.98,1426.33,99.09,121.12,1380.54,994.4,555.81,3258.03,0.14275,0.1467,1.5366,0.0837,29.48,1903.97,0,2020,Pre-Crisis
2020-09-29,1658,146.7599,39.29,93.891,0.663,1230.656,-0.469,1.2854,0.65,-0.546,-0.714,-0.122,0.6851,-0.0573,0.7183,0.851,-0.23,1.737,0.012,-0.151,0.6,105.66,382.9525,2190.07,1402.058,1315.449,398.3651,3462.61,2317.52,1358.64,95.48,119.75,1336.19,1000.47,549.4,3228.71,0.14663,0.123,1.4149,0.0864,26.27,1895.63,0,2020,Pre-Crisis
2020-09-22,1364,147.5151,39.6,93.988,0.664,1239.415,-0.467,1.2721,0.672,-0.506,-0.718,-0.058,0.7055,-0.055,0.7492,0.864,-0.231,1.785,0.009,-0.147,0.583,105.03,380.7241,2195.81,1412.193,1314.798,399.9164,3478.6,2314.36,1465.33,97.02,118.48,1324.43,993.97,566.91,3208.13,0.15188,0.1351,1.4233,0.0862,26.86,1899.4,1,2020,Pre-Crisis
