Data,original,trend,seasonal,residual
2000-01-11,22.5,23.423035300809033,0.3893327340650185,-1.3123680348740514
2000-01-18,21.5,23.429258965321104,-1.3061272205614716,-0.6231317447596325
2000-01-25,23.02,23.436003960658272,-1.5375459456973881,1.1215419850391157
2000-02-01,23.45,23.443291770248134,-1.0569348231690132,1.0636430529208774
2000-02-08,21.25,23.45114272164291,-2.712192587908098,0.5110498662651892
2000-02-15,22.92,23.459575580425028,-2.432554677579373,1.8929790971543454
2000-02-22,25.86,23.468607759860035,1.2524851273456326,1.1389071127943318
2000-02-29,23.37,23.478253906992876,-0.23058470266377273,0.12233079567089788
2000-03-07,24.31,23.488526603208214,-0.010887434278398292,0.8323608310701829
2000-03-14,24.41,23.499437521915763,0.279617262288694,0.630945215795542
2000-03-21,21.7,23.510996855358673,-0.6404531261933689,-1.1705437291653062
2000-03-28,24.86,23.52321375413165,-0.2838018882949802,1.6205881341633308
2000-04-04,27.12,23.536097590394775,4.695838384853101,-1.1119359752478744
2000-04-11,27.25,23.549655980866284,2.852331983784665,0.8480120353490506
2000-04-18,26.12,23.56389641667366,0.4330364631890556,2.1230671201372857
2000-04-25,25.24,23.578824439892013,1.2745603071009677,0.3866152530070188
2000-05-02,28.5,23.594442035432643,1.9768674447378716,2.9286905198294875
2000-05-09,28.93,23.61074832277142,2.153193608539252,3.1660580686893276
2000-05-16,24.34,23.627737067289875,-1.650528384095971,2.3627913168060957
2000-05-23,25.87,23.645395664091495,-1.6822556288149861,3.906859964723491
2000-05-30,23.62,23.663705176686545,-2.340744342641974,2.297039165955429
2000-06-06,23.05,23.682638943242345,-3.2969730773849837,2.6643341341426385
2000-06-13,21.67,23.702163250938625,-3.5129274134513384,1.4807641625127133
2000-06-20,20.88,23.722237159293517,-3.395827377459648,0.5535902181661321
2000-06-27,21.8,23.742813299635692,-2.6843272732057897,0.7415139735700969
2000-07-04,19.83,23.76383854911979,-4.7712452616784615,0.8374067125586713
2000-07-11,20.11,23.785253479658518,-2.8131188503035367,-0.8621346293549834
2000-07-18,19.75,23.806991970200393,-2.135578798999587,-1.921413171200804
2000-07-25,19.39,23.828982556915,-0.02507482683095949,-4.413907730084041
2000-08-01,20.55,23.851150138700536,-2.982289214696296,-0.3188609240042375
2000-08-08,18.79,23.873417549786783,-2.9319336742197017,-2.151483875567081
2000-08-15,17.98,23.895701871992898,-4.614265541813038,-1.301436330179861
2000-08-22,17.47,23.917914360408577,-4.362684539592228,-2.0852298208163518
2000-08-29,16.89,23.939959423609373,-5.50197339217304,-1.5479860314363307
2000-09-05,19.82,23.961734216987285,-0.6457434657183051,-3.4959907512689803
2000-09-12,18.59,23.983127829435393,0.3268202203737044,-5.719948049809098
2000-09-19,19.54,24.004023432054176,4.2233747478538355,-8.687398179908012
2000-09-26,21.88,24.0243028023856,4.774859196301858,-6.919161998687457
2000-10-03,21.85,24.043851966956257,1.7832679536025826,-3.977119920558838
2000-10-10,24.86,24.06256141019392,6.24109249788443,-5.44365390807835
2000-10-17,27.84,24.08032479728604,6.119935251443292,-2.36026004872933
2000-10-24,24.28,24.09704341401643,3.5585668059858215,-3.375610220002251
2000-10-31,23.63,24.11262929656293,3.3163184441603764,-3.7989477407233068
2000-11-07,24.91,24.12701758530427,2.115148113373417,-1.332165698677688
2000-11-14,26.81,24.140186996987197,2.5467840526565446,0.12302895035625738
2000-11-21,26.62,24.152187533807833,0.9999166941774645,1.4678957720147032
2000-11-28,27.64,24.163186230213967,1.5494797635353208,1.9273340062507138
2000-12-05,24.99,24.173536627251565,0.16105478317796107,0.6554085895704738
2000-12-12,24.88,24.183870734189554,0.5291569279582033,0.16697233785223986
2000-12-19,27.17,24.19518502037525,0.9942495857453353,1.9805653938794165
2000-12-26,28.73,24.208820420520947,1.743549135277605,2.7776304442014492
2001-01-02,29.99,24.24615441983262,3.1750095430124334,2.568836037154945
2001-01-09,27.99,24.286846372863607,-0.370837831496533,4.073991458632925
2001-01-16,25.28,24.330796582287984,-1.4651370635230594,2.414340481235076
2001-01-23,21.57,24.377812133896033,-1.573041547909397,-1.2347705859866345
2001-01-30,22.57,24.427629548576046,-0.5664899794041598,-1.2911395691718859
2001-02-06,21.98,24.47995194251238,-1.2863387284604182,-1.2136132140519607
2001-02-13,21.37,24.53450245382056,-1.5516184614128015,-1.6128839924077596
2001-02-20,24.69,24.591034418963705,0.9267643407677865,-0.8277987597314898
2001-02-27,26.49,24.649309731724372,-0.03565791639115601,1.8763481846667815
2001-03-06,25.89,24.709095256143296,-0.1482057100455248,1.3291104539022278
2001-03-13,27.55,24.770109031738738,0.41622749673771897,2.3636634715235445
2001-03-20,30.96,24.832001866943813,-0.1865723814978415,6.314570514554031
2001-03-27,27.04,24.894343630458465,-0.3401061259326994,2.4857624954742334
2001-04-03,34.72,24.956568174825385,3.00608290496414,6.757348920210475
2001-04-10,29.44,25.01798166249342,1.3678001518678138,3.054218185638767
2001-04-17,25.61,25.077772440941942,-0.9379033563538746,1.4701309154119322
2001-04-24,28.49,25.13503093304023,-0.1840741627092909,3.5390432296690584
2001-05-01,24.2,25.188807087041866,0.09084237168555499,-1.0796494587274204
2001-05-08,24.44,25.23816828423737,0.3476374292602368,-1.1458057134976052
2001-05-15,23.71,25.28224676764952,-2.285795802558167,0.7135490349086453
2001-05-22,21.35,25.320300051163755,-2.1332139013333755,-1.8370861498303768
2001-05-29,22.14,25.351728742964337,-2.868515641193553,-0.34321310177078246
2001-06-05,19.58,25.37607862269687,-3.065640472772114,-2.7304381499247583
2001-06-12,20.7,25.393010788543517,-3.177057551079424,-1.5159532374640925
2001-06-19,22.34,25.402303504287026,-3.085195226219853,0.02289172193282596
2001-06-26,21.2,25.403883130399066,-2.2647743461199443,-1.9391087842791208
2001-07-03,18.92,25.39786653707343,-3.618184961869697,-2.85968157520373
2001-07-10,23.25,25.384546581307372,-1.9129082277570628,-0.2216383535503077
2001-07-17,22.61,25.364355388054083,-0.9267985849596381,-1.8275568030944456
2001-07-24,25.24,25.337852405731848,1.4108212879431583,-1.5086736936750071
2001-07-31,21.62,25.30577800925222,-1.941869980928057,-1.7439080283241601
2001-08-07,21.01,25.269043473035378,-0.35852609467225144,-3.9005173783631264
2001-08-14,20.48,25.22880348265271,-2.549654149014542,-2.199149333638168
2001-08-21,24.4,25.18647677066591,-2.844880499406938,2.058403728741027
2001-08-28,22.0,25.14360558273453,-3.549742961743454,0.4061373790089249
2001-09-04,25.85,25.10183834153985,0.769233205779164,-0.02107154731901062
2001-09-11,31.84,25.06279105347043,1.1021641242931355,5.675044822236433
2001-09-18,38.87,25.02787621667271,4.161239171284873,9.68088461204242
2001-09-25,35.81,24.998301073055924,4.803955074232792,6.007743852711286
2001-10-02,31.18,24.975147989033985,2.3766848000682965,3.8281672108977176
2001-10-09,34.83,24.95931235638352,5.785904775998518,4.08478286761796
2001-10-16,32.88,24.95153260499604,4.719820219678918,3.2086471753250443
2001-10-23,32.0,24.95238348612102,3.0052382166876357,4.042378297191345
2001-10-30,33.46,24.962217852025553,2.8764577892089753,5.621324358765474
2001-11-06,28.8,24.981224019477544,1.7150517331610187,2.1037242473614377
2001-11-13,26.47,25.009399815273408,1.7037674729903984,-0.24316728826380896
2001-11-20,24.12,25.046595861858552,0.41785303218956577,-1.3444488940481172
2001-11-27,24.0,25.09253234880936,0.27257640379149733,-1.3651087526008574
2001-12-04,24.08,25.14680150622369,-0.293736718792163,-0.773064787431526
2001-12-11,25.3,25.208869795886454,0.26993778827746556,-0.17880758416391984
2001-12-18,23.29,25.278090935786164,-0.040587476290606314,-1.9475034594955574
2001-12-25,22.62,25.353744826155562,0.3782247306475898,-3.1119695568031496
2002-01-01,23.8,25.43510739521266,1.784348390878245,-3.419455786090907
2002-01-08,21.83,25.521498047650603,-0.8824215167477445,-2.8090765309028605
2002-01-15,22.7,25.612257749571828,-1.433141414069833,-1.4791163355019954
2002-01-22,23.61,25.706697254827223,-1.5930395389997911,-0.5036577158274333
2002-01-29,24.35,25.80408601220036,-0.14937144764392846,-1.3047145645564306
2002-02-05,25.45,25.903626810210284,-0.03591442898258858,-0.4177123812276946
2002-02-12,21.62,26.00445017748918,-0.7558355497881797,-3.6286146277009976
2002-02-19,24.43,26.105678936034632,0.5673408489876652,-2.243019785022298
2002-02-26,21.68,26.206511969477617,0.2101848798364067,-4.736696849314026
2002-03-05,20.3,26.30623048747336,-0.21797972992096565,-5.788250757552394
2002-03-12,19.59,26.404236799401268,0.6464909727123325,-7.4607277721136
2002-03-19,18.16,26.50007661205928,0.5430296726992981,-8.883106284758579
2002-03-26,18.13,26.593429711856192,-0.058401856398248554,-8.405027855457945
2002-04-02,19.16,26.684177733729527,1.705706771372389,-9.229884505101914
2002-04-09,19.47,26.77237185352058,0.20142986071648544,-7.503801714237063
2002-04-16,18.11,26.858162449260284,-1.9113124339394616,-6.836850015320824
2002-04-23,20.28,26.941793045405344,-1.2037494700232807,-5.458043575382064
2002-04-30,21.91,27.023544457542496,-1.436145320356699,-3.677399137185798
2002-05-07,21.94,27.10371203145952,-1.0799628753736112,-4.083749156085908
2002-05-14,19.35,27.18258272155612,-2.4934793030675233,-5.339103418488595
2002-05-21,20.05,27.260391459007927,-2.2162255399318047,-4.994165919076121
2002-05-28,20.31,27.337349872105513,-3.1059080709355418,-3.9214418011699728
2002-06-04,23.89,27.413631993087698,-2.709252926346057,-0.8143790667416404
2002-06-11,24.45,27.489390056096077,-2.770112413440002,-0.2692776426560748
2002-06-18,24.24,27.564786962654168,-2.683959102643667,-0.6408278600105035
2002-06-25,27.84,27.63997369775732,-1.9086304783839536,2.108656780626635
2002-07-02,28.96,27.715070272647502,-2.571490019988285,3.8164197473407846
2002-07-09,30.22,27.790179802693988,-1.0904402570617535,3.520260454367765
2002-07-16,36.65,27.865357198734912,-0.05024081161078796,8.83488361287587
2002-07-23,44.92,27.940587278006983,2.2781865300401676,14.701226191952852
2002-07-30,31.92,28.015719881648593,-1.0366095116390723,4.94088962999048
2002-08-06,42.03,28.090391009912288,1.627260891819836,12.312348098267876
2002-08-13,35.82,28.164035223831153,-0.7505050304544089,8.406469806623253
2002-08-20,29.59,28.235906493774046,-1.3444229837587687,2.6985164899847227
2002-08-27,30.11,28.30511471887948,-1.7381959023977807,3.5430811835183
2002-09-03,39.97,28.370653783229088,1.8433641411689607,9.755982075601949
2002-09-10,35.08,28.431474633432686,1.7222640223550516,4.926261344212264
2002-09-17,38.01,28.486580306483763,3.9598478550938707,5.563571838422366
2002-09-24,40.52,28.53503409651383,4.581165403268405,7.403800500217766
2002-10-01,34.12,28.575896422711775,2.781463036466001,2.762640540822222
2002-10-08,41.02,28.608231072176217,5.108115869858538,7.303653057965249
2002-10-15,34.02,28.631108492410554,3.4394472207345204,1.949444286854927
2002-10-22,34.09,28.64366015075511,2.5151960765700365,2.931143772674858
2002-10-29,32.27,28.645179651439154,2.560410843986003,1.0644095045748472
2002-11-05,31.23,28.63504177721957,1.4384239327979147,1.1565342899825168
2002-11-12,30.58,28.612658738254265,0.9171571776064369,1.0501840841392962
2002-11-19,27.41,28.57746513136279,-0.10212383527878041,-1.0653412960840072
2002-11-26,25.97,28.5289345878242,-0.8573271822862246,-1.7016074055379775
2002-12-03,28.33,28.466626788837992,-0.6858146225677879,0.5491878337297926
2002-12-10,28.76,28.390242759038312,0.033974421360924795,0.33578281960076595
2002-12-17,26.66,28.299626464516802,-0.9565200585160514,-0.6831064060007499
2002-12-24,26.49,28.194719299083104,-0.8816514605339025,-0.8230678385492034
2002-12-31,28.62,28.07553193602274,0.4412551667470921,0.10321289723016847
2003-01-07,25.13,27.94216048601694,-1.560825223609641,-1.2513352624073022
2003-01-14,24.57,27.794816745547138,-1.4621740303253816,-1.7626427152217552
2003-01-21,27.59,27.63387068535561,-1.479099334694672,1.435228649339063
2003-01-28,31.93,27.459861739710984,0.3041074690891708,4.166030791199844
2003-02-04,32.76,27.273504381354986,1.1258195792387213,4.36067603940629
2003-02-11,33.68,27.0756559150114,-0.0006247863949755354,6.604968871383573
2003-02-18,31.11,26.86728126444297,0.1980893789185048,4.044629356638527
2003-02-25,31.74,26.649403975570756,0.2258935401536607,4.864702484275583
2003-03-04,31.83,26.423108814064577,-0.4810971605367702,5.887988346472191
2003-03-11,33.61,26.18950224878609,0.5549665933957487,6.865531157818161
2003-03-18,30.43,25.949673307558598,0.7102225203261885,3.7701041721152144
2003-03-25,28.75,25.704673895959314,0.08538464903819956,2.959941455002486
2003-04-01,28.36,25.45550126248019,-0.03603099653425051,2.94052973405406
2003-04-08,27.13,25.203125652687568,-1.102872552127022,3.029746899439452
2003-04-15,22.56,24.94853518028856,-2.8247817505139765,0.4362465702254177
2003-04-22,20.7,24.692731965793715,-2.236100936714856,-1.7566310290788607
2003-04-29,20.76,24.436695913433134,-2.58186076580159,-1.0948351476315423
2003-05-06,20.8,24.181364724084794,-2.1335515769866973,-1.2478131470980962
2003-05-13,19.91,23.92762086626948,-2.506550410701795,-1.5110704555676833
2003-05-20,21.29,23.6762414366467,-1.9425498613372227,-0.4436915753094759
2003-05-27,19.99,23.427864367186334,-3.158820070883932,-0.27904429630240557
2003-06-03,20.84,23.18301853456767,-2.0427029351863712,-0.30031559938129604
2003-06-10,20.64,22.942134003799108,-2.202468497573614,-0.09966550622549519
2003-06-17,20.01,22.705505174333982,-2.2604575460034946,-0.43504762833048716
2003-06-24,20.75,22.473268692545968,-1.4378125600479887,-0.2854561324979805
2003-07-01,19.46,22.2454015928612,-1.3401492265231951,-1.4452523663380035
2003-07-08,19.48,22.02171938253472,-0.306971423481529,-2.234747959053191
2003-07-15,19.55,21.80197541260155,0.8264622803052142,-3.078437692906764
2003-07-22,19.17,21.585965508315333,3.036850082394617,-5.45281559070995
2003-07-29,18.67,21.373477651748665,-0.0775768433291384,-2.6259008084195266
2003-08-05,22.68,21.164383051912502,3.607391007973806,-2.0917740598863084
2003-08-12,17.94,20.95857728895695,1.095185387362919,-4.113762676319865
2003-08-19,17.86,20.755884198943768,-0.07652218878632226,-2.819362010157448
2003-08-26,19.49,20.556110316736913,-0.10690154465917023,-0.9592087720777442
2003-09-02,19.02,20.35911580008241,2.7520236032074523,-4.091139403289862
2003-09-09,18.85,20.164813819862324,1.724277516361395,-3.0390913362237164
2003-09-16,18.03,19.973192101513384,2.819419885764003,-4.762611987277385
2003-09-23,19.47,19.784317972018584,3.6822579830890922,-3.9965759551076783
2003-09-30,22.72,19.598296378582457,2.6289309750184855,0.4927726463990574
2003-10-07,19.41,19.41531206615556,3.9504343172320713,-3.9557463833876323
2003-10-14,17.37,19.235575908731708,1.963746990068977,-3.829322898800683
2003-10-21,16.55,19.059329629763663,1.7133386358071256,-4.222668265570789
2003-10-28,16.82,18.88683695385945,1.7789712698357856,-3.8458082236952364
2003-11-04,16.55,18.71839368061015,1.0134504611157298,-3.181844141725877
2003-11-11,17.54,18.55434370155926,0.1297476818051603,-1.1440913833644224
2003-11-18,19.11,18.395048151700053,-0.5859604949747393,1.3009123432746854
2003-11-25,16.71,18.2408685530901,-1.8876210325753748,0.35675247948527655
2003-12-02,16.27,18.0921668482611,-1.0542905896090622,-0.7678762586520378
2003-12-09,17.63,17.94927375217396,-0.2856648740862524,-0.033608878087708405
2003-12-16,15.93,17.81246135324545,-1.7214773866783528,-0.16098396656709824
2003-12-23,16.49,17.681934241835304,-1.8907583622826571,0.6988241204473518
2003-12-30,17.68,17.55781852742687,-0.6551721528239118,0.7773536253970406
2004-01-06,16.73,17.440119691108247,-1.4775629872633402,0.7674432961550934
2004-01-13,18.04,17.328692437142166,-1.3095656725844949,2.020873235442327
2004-01-20,15.21,17.223259878176165,-1.2560445658576986,-0.7572153123184648
2004-01-27,15.35,17.12345888333225,0.6002320055488721,-2.3736908888811232
2004-02-03,17.34,17.028898095346356,1.0208620208548411,-0.709760116201199
2004-02-10,15.94,16.939189126163665,0.5094627328389046,-1.5086518590025708
2004-02-17,15.4,16.853920491593758,-0.15674402167943607,-1.2971764699143211
2004-02-24,15.9,16.772670630918853,0.4550068956035779,-1.3276775265224305
2004-03-02,14.86,16.695019989493684,-0.16025770636557746,-1.674762283128107
2004-03-09,16.6,16.620581759591584,0.937245197540655,-0.9578269571322373
2004-03-16,20.34,16.548997173631292,1.1419246945511945,2.6490781318175145
2004-03-23,20.67,16.479938580576164,1.2678233909258876,2.922238028497951
2004-03-30,16.28,16.413095665606548,0.15298792787461368,-0.28608359348115897
2004-04-06,15.32,16.34818164291934,-0.5682099078596601,-0.45997173505967837
2004-04-13,17.26,16.284921896725724,-1.6524374762027225,2.627515579477002
2004-04-20,16.67,16.22304184236399,-1.212751882040005,1.6597100396760176
2004-04-27,15.07,16.162276966831485,-1.38114883451445,0.288871867682964
2004-05-04,16.55,16.102363161792912,-0.9264627430225172,1.3740995812296042
2004-05-11,18.57,16.043019764553797,-0.6470805644206198,3.1740607998668224
2004-05-18,19.33,15.984002987084969,0.13238535507723428,3.213611657837797
2004-05-25,15.96,15.925113128481295,-1.0456986255329428,1.0805854970516489
2004-06-01,16.3,15.866184001944013,-0.0916794781917699,0.5254954762477588
2004-06-08,15.01,15.807088327739296,-0.7349676213784723,-0.06212070636082423
2004-06-15,15.05,15.747727069082446,-0.3287228724269966,-0.3690041966554478
2004-06-22,14.31,15.688020118311444,-0.8034089013294692,-0.5746112169819746
2004-06-29,15.47,15.627903486649004,-0.5091480800764305,0.35124459342742753
2004-07-06,16.25,15.567317434322803,-0.3844853805096509,1.0671679461868493
2004-07-13,14.46,15.506165459031168,-0.3379330900405739,-0.7082323689905934
2004-07-20,14.17,15.444308568829339,0.7165137092962779,-1.9908222781256164
2004-07-27,16.55,15.381615212068176,-0.10583604459500802,1.274220832526833
2004-08-03,16.03,15.317995748360104,2.071554614509028,-1.3595503628691308
2004-08-10,17.47,15.25336732641406,0.9035460867201007,1.313086586865838
2004-08-17,17.02,15.187660519636239,0.30538924944946877,1.5269502309142915
2004-08-24,15.33,15.120842564346729,0.18814659165406974,0.02101084399920161
2004-08-31,15.29,15.05288680787367,1.1969524978755417,-0.9598393057492114
2004-09-07,14.07,14.9837879954535,0.22858777417935186,-1.142375769632853
2004-09-14,13.56,14.913556802577565,0.018580401605086783,-1.3721372041826516
2004-09-21,13.66,14.842242590625684,0.7993995432608518,-1.9816421338865364
2004-09-28,13.83,14.769987389561852,1.0872635101118737,-2.0272508996737244
2004-10-05,13.95,14.696974152307913,1.206463009780274,-1.9534371620881874
2004-10-12,15.05,14.623394028051802,0.9078252342577651,-0.48121926230956547
2004-10-19,15.13,14.549427994813302,0.7284517763042725,-0.147879771117573
2004-10-26,16.39,14.475229711208772,0.7328665682934556,1.1819037204977718
2004-11-02,16.18,14.400932888752514,0.6679600376751151,1.11110707357237
2004-11-09,13.61,14.326697032854648,-0.28236090193449015,-0.4343361309201583
2004-11-16,13.21,14.252730925740378,-0.5361693230005466,-0.506561602739831
2004-11-23,12.67,14.179271240635659,-1.8767957125844734,0.36752447194881377
2004-11-30,13.24,14.106556202059853,-1.0360337447307695,0.16947754267091675
2004-12-07,13.67,14.034810503755791,-0.6005302010287281,0.23571969727293762
2004-12-14,12.73,13.96423218247018,-1.6339942045328109,0.3997620220626317
2004-12-21,11.55,13.894997992315085,-1.8117662993907533,-0.5332316929243319
2004-12-28,12.0,13.82727709608702,-0.9223826312561892,-0.9048944648308304
2005-01-04,13.98,13.76124803954374,-0.9787681269212828,1.1975200873775425
2005-01-11,13.19,13.69712461677657,-0.914721230115893,0.4075966133393223
2005-01-18,12.47,13.6351222915994,-1.3451175095955594,0.1799952179961597
2005-01-25,14.06,13.575425441719915,-0.05210139547228468,0.5366759537523702
2005-02-01,12.03,13.518180103733151,-0.024645440083476938,-1.4635346636496749
2005-02-08,11.6,13.463482780131313,-0.23473024833922035,-1.6287525317920934
2005-02-15,11.27,13.411403636187936,-1.0525910141121249,-1.088812622075812
2005-02-22,13.14,13.361981464774274,-0.24655340689545438,0.024571942121180967
2005-03-01,12.04,13.31520993707301,0.01614634054773681,-1.2913562776207481
2005-03-08,12.4,13.271050151723237,0.6370833782188539,-1.508133529942091
2005-03-15,13.15,13.229478407225603,1.2641759775710455,-1.3436543847966487
2005-03-22,14.27,13.190487226605313,1.2875007880829181,-0.20798801468823136
2005-03-29,14.49,13.15401995378399,0.24238638871955487,1.0935936574964558
2005-04-05,13.68,13.119950334508122,-0.4290795138187066,0.9891291793105843
2005-04-12,11.3,13.08809739548598,-0.6287993801217071,-1.1592980153642714
2005-04-19,14.96,13.058250071646992,-0.33540864799241465,2.237158576345424
2005-04-26,14.91,13.03016969046073,-0.5226074976247312,2.4024378071640022
2005-05-03,14.53,13.003614184936513,-0.1047313146382472,1.6311171297017335
2005-05-10,14.91,12.978394997650097,0.44552215422678165,1.4860828481231216
2005-05-17,14.57,12.954370169716796,1.1511376041444377,0.4644922261387663
2005-05-24,12.69,12.931422568588344,0.8218368857812922,-1.0632594543696374
2005-05-31,13.29,12.909453743625697,1.3557926323941465,-0.9752463760198449
2005-06-07,12.39,12.88838243832877,0.45712667701414433,-0.9555091153429149
2005-06-14,11.79,12.868163624168945,2.232912998206499,-3.3110766223754453
2005-06-21,11.08,12.848843586283753,-0.25758575637312053,-1.5112578299106314
2005-06-28,11.58,12.830570221140565,0.619765435843269,-1.8703356569838334
2005-07-05,11.68,12.813584213158009,-0.37149522871990365,-0.7620889844381065
2005-07-12,10.95,12.798207034611336,-0.712071911478917,-1.1361351231324193
2005-07-19,10.45,12.784751887741939,0.04849262686870806,-2.383244514610647
2005-07-26,10.99,12.773503138525239,0.34456029385999987,-2.1280634323852397
2005-08-02,11.75,12.764678497919753,1.4072072119637606,-2.4218857098835134
2005-08-09,12.4,12.758476106532573,1.3650887808826102,-1.7235648874151828
2005-08-16,13.52,12.755134633663365,1.736036513933783,-0.9711711475971487
2005-08-23,13.34,12.75488455219675,0.8782757802998014,-0.2931603324965515
2005-08-30,13.65,12.75790655360041,1.0587987038421562,-0.16670525744256537
2005-09-06,12.93,12.764320783045811,0.27845850423863927,-0.11277928728445019
2005-09-13,12.39,12.774148010097907,-0.0057416406444936174,-0.3784063694534119
2005-09-20,12.64,12.787302281600057,-0.22674435431052692,0.07944207271047077
2005-09-27,12.76,12.803601760437772,-0.10184306829039519,0.05824130785262227
2005-10-04,13.2,12.82279320739105,-0.09502987820810466,0.47223667081705223
2005-10-11,15.63,12.844569030011144,0.2663834401613815,2.519047529827475
2005-10-18,15.33,12.868593566645686,0.5678985760586925,1.8935078572956225
2005-10-25,14.53,12.894524857766296,0.4864322846387885,1.1490428575949156
2005-11-01,14.85,12.92201950063123,0.6458130184326462,1.282167480936124
2005-11-08,13.08,12.950692548354658,-0.3949634445047424,0.5242708961500853
2005-11-15,12.23,12.980107189122537,-0.4692322355139712,-0.2808749536085653
2005-11-22,10.6,13.009792304052292,-1.3986934212968665,-1.0110988827554248
2005-11-29,11.89,13.039255125753087,-0.3546784238145613,-0.7945767019385244
2005-12-06,11.52,13.06802550354269,-0.5654623054026832,-0.9825631981400083
2005-12-13,11.11,13.095642312403985,-1.2876920238727947,-0.6979502885311906
2005-12-20,11.19,13.121639281674575,-1.712903496767906,-0.21873578490667
2005-12-27,11.57,13.145567555725673,-1.5467916258173275,-0.028775929908345432
2006-01-03,11.14,13.167037348376576,-0.8123524191433307,-1.2146849292332451
2006-01-10,10.86,13.185728438878199,-0.6056450031519944,-1.7200834357262043
2006-01-17,11.91,13.201412914121084,-1.3078540828277205,0.01644116870663659
2006-01-24,13.31,13.213984088856405,0.1512187439787772,-0.05520283283518168
2006-01-31,12.95,13.223410231110883,-0.5157565964974238,0.24234636538654009
2006-02-07,13.59,13.229702983538779,-0.6044082474647221,0.9647052639259428
2006-02-14,12.25,13.232885593716563,-1.4357106009616833,0.45282500724512076
2006-02-21,12.41,13.232953890457093,-1.0000475939207991,0.17709370346370612
2006-02-28,12.34,13.229893573359833,0.2507822537559414,-1.1406758271157749
2006-03-07,12.66,13.22367124188093,0.3231392217609539,-0.8868104636418845
2006-03-14,10.74,13.214237270692276,0.9303726304976802,-3.404609901189957
2006-03-21,11.62,13.201566585432458,0.14898260883655712,-1.730549194269015
2006-03-28,11.58,13.185765342972221,-0.25240662246316037,-1.3533587205090605
2006-04-04,11.14,13.167028732349978,-1.0483690883302441,-0.9786596440197339
2006-04-11,13.0,13.145609113365131,-1.2216732251430953,1.0760641117779652
2006-04-18,11.4,13.12180383879267,-0.9599789059482589,-0.7618249328444122
2006-04-25,11.75,13.09595853833147,-1.0365368840948779,-0.3094216542365924
2006-05-02,11.99,13.068478388262566,-0.946678249642215,-0.1318001386203509
2006-05-09,11.99,13.039823484030583,-0.9960670480661317,-0.05375643596445023
2006-05-16,13.35,13.01049367290871,-0.5056294698301171,0.8451357969214062
2006-05-23,18.26,12.981019196724548,-0.27164071964340203,5.5506215229188545
2006-05-30,18.66,12.951955785895825,0.2828162685565073,5.425227945547666
2006-06-06,17.34,12.923866562709522,-0.4468892360629794,4.863022673353457
2006-06-13,23.81,12.897281344057085,2.2564114942748987,8.656307161668014
2006-06-20,16.69,12.872679276811796,-1.3079733835328826,5.125294106721087
2006-06-27,16.4,12.850469125911541,0.4499194005846121,3.0996114735038454
2006-07-04,13.05,12.831015908857273,-1.3848402871525605,1.603824378295288
2006-07-11,13.14,12.814643014405021,-1.1785652646447666,1.5039222502397465
2006-07-18,17.74,12.801620669056247,-0.05654961539174366,4.994928946335497
2006-07-25,14.85,12.7922010701105,-0.5815084769713248,2.6393074068608247
2006-08-01,15.05,12.786581423084819,0.8936158816007341,1.3698026953144478
2006-08-08,15.23,12.784908479971437,0.5798098946967127,1.8652816253318516
2006-08-15,13.42,12.787264161733937,1.7895610524611847,-1.1568252141951216
2006-08-22,12.19,12.79373966965193,0.524371673231562,-1.1281113428834928
2006-08-29,12.28,12.804483324065316,0.7311504476120531,-1.2556337716773704
2006-09-05,12.63,12.81968538410948,-0.311972114140678,0.12228673003119894
2006-09-12,11.92,12.839601174924637,0.19693063727593998,-1.1165318122005772
2006-09-19,11.98,12.864517948464155,-0.5740031818358825,-0.3105147666282715
2006-09-26,11.53,12.894729383179476,-0.6456370877775751,-0.7190922954019019
2006-10-03,12.24,12.930490733131919,-0.06147930207515562,-0.629011431056762
2006-10-10,11.52,12.972039472314604,1.2038247450673443,-2.6558642173819482
2006-10-17,11.73,13.019533798901778,2.2573315536657232,-3.546865352567501
2006-10-24,10.78,13.073016138158408,1.7208475107910548,-4.013863648949464
2006-10-31,11.1,13.132401036003365,3.3464193084533607,-5.378820344456726
2006-11-07,11.09,13.197437913093552,0.7085015843340958,-2.8159394974276477
2006-11-14,10.5,13.267768927600185,2.2656800655074973,-5.033448993107683
2006-11-21,9.9,13.342958902621524,2.3597570151393237,-5.802715917760847
2006-11-28,11.62,13.422501174315126,2.8437866574865653,-4.646287831801693
2006-12-05,11.27,13.505900088975874,2.178751169134963,-4.414651258110837
2006-12-12,10.65,13.592688205631914,1.2602736666165413,-4.202961872248455
2006-12-19,10.3,13.682441230668275,0.08098862607636889,-3.463429856744643
2006-12-26,11.26,13.774808699173196,-1.3561208776297018,-1.158687821543495
2007-01-02,11.56,13.869472170428143,-0.6062590759142052,-1.7032130945139379
2007-01-09,11.91,13.966142719431737,-0.2984507395138905,-1.7576919799178459
2007-01-16,10.74,14.06460025307794,-0.5889312661409469,-2.735668986936993
2007-01-23,10.34,14.164701734895019,3.030937184439239,-6.8556389193342575
2007-01-30,10.96,14.266446725825856,0.43667731257835296,-3.7431240384042095
2007-02-06,10.65,14.370027396073166,0.693997157433942,-4.414024553507108
2007-02-13,10.34,14.475780583621638,0.00654039041297047,-4.142320974034609
2007-02-20,10.24,14.584181135807963,0.1201603499663293,-4.464341485774293
2007-02-27,18.31,14.69581123431761,0.9489485300154867,2.6652402356669036
2007-03-06,15.96,14.811318985578168,1.765741601156258,-0.617060586734425
2007-03-13,18.13,14.931301164293005,1.4297065853185067,1.7689922503884876
2007-03-20,13.27,15.056266430386586,-0.23417176153524202,-1.5520946688513444
2007-03-27,13.48,15.186584409293303,-0.07170122079345656,-1.6348831884998454
2007-04-03,13.46,15.322526002653293,-1.0363004311832775,-0.8262255714700135
2007-04-10,12.68,15.464322354987793,-1.5872745810442277,-1.1970477739435665
2007-04-17,12.14,15.612153424430526,-2.0611299841914525,-1.411023440239072
2007-04-24,13.12,15.766110791846005,-2.3497949598185843,-0.29631583202742107
2007-05-01,13.51,15.926145628920498,-2.408467784643946,-0.007677844276551937
2007-05-08,13.21,16.09206071128276,-3.551502167582278,0.6694414562995199
2007-05-15,14.01,16.263536541769483,-3.338804692575489,1.0852681508060051
2007-05-22,13.06,16.440173588353204,-3.0614218502351513,-0.3187517381180527
2007-05-29,13.53,16.62149055529739,-2.172660798375147,-0.9188297569222463
2007-06-05,13.63,16.806943177422784,-2.6376569444763605,-0.5392862329464236
2007-06-12,16.67,16.995990072017943,0.33084558023133437,-0.6568356522492742
2007-06-19,12.85,17.188079232854385,-2.8682714888020318,-1.4698077440523534
2007-06-26,18.89,17.382636958934295,-1.1596492358179427,2.6670122768836464
2007-07-03,14.92,17.579067359288075,-3.3783781609933636,0.7193108017052872
2007-07-10,17.57,17.776772628597943,-2.467503631738836,2.2607310031408936
2007-07-17,15.63,17.97521246315384,-1.2184041006288577,-1.126808362524983
2007-07-24,18.55,18.173901733755574,-3.190367761022,3.5664660272664257
2007-07-31,23.52,18.37243105949256,-1.4247624191710342,6.572331359678476
2007-08-07,21.56,18.570454494708084,-2.23634399459476,5.225889499886673
2007-08-14,27.68,18.767688925869606,-0.8321846704860149,9.744495744616408
2007-08-21,25.25,18.963829707849996,-1.9336181302071043,8.219788422357109
2007-08-28,26.3,19.158513347697273,-2.022919155810403,9.16440580811313
2007-09-04,22.78,19.351336748408713,-2.3229103072439914,5.751573558835279
2007-09-11,25.27,19.541845071851533,-1.418324897500531,7.146479825648996
2007-09-18,20.35,19.729568657515134,-1.884071539967792,2.504502882452659
2007-09-25,18.6,19.91404025087771,-1.2443996357628282,-0.0696406151148814
2007-10-02,18.49,20.094849911333103,-0.006277752399042796,-1.5985721589340613
2007-10-09,16.12,20.27170380353632,2.9798859056682163,-7.131589709204533
2007-10-16,20.02,20.444505171644906,4.119184775207317,-4.543689946852222
2007-10-23,20.41,20.613407505026917,3.0774066900774795,-3.2808141951043943
2007-10-30,21.07,20.778825053180817,7.223770574690639,-6.932595627871457
2007-11-06,21.39,20.941547279558947,2.504344697232419,-2.055891976791365
2007-11-13,24.1,21.102674879279228,5.866054423766017,-2.8687293030452423
2007-11-20,24.88,21.26351850716355,7.223594970291386,-3.607113477454938
2007-11-27,26.28,21.42558696191365,6.179100116664329,-1.324687078577977
2007-12-04,23.79,21.590378836289933,5.923040224676735,-3.7234190609666697
2007-12-11,23.59,21.759454940595607,4.708090409969398,-2.877545350565004
2007-12-18,22.64,21.93447615290315,2.367084385527613,-1.6615605384307628
2007-12-25,18.6,22.1171337652237,-0.6764411136356752,-2.8406926515880215
2008-01-01,22.5,22.309108558448788,-0.4316622278578761,0.6225536694090898
2008-01-08,25.43,22.511995385127264,-0.46723467339374175,3.385239288266476
2008-01-15,23.34,22.727178173754584,-0.2488402747258639,0.8616621009712802
2008-01-22,31.01,22.95569117091229,5.271427421718957,2.7828814073687553
2008-01-29,27.32,23.198194253915773,1.258668018811351,2.863137727272875
2008-02-05,28.24,23.45496861852687,1.3274520838739177,3.45757929759921
2008-02-12,26.33,23.726023614521182,1.8640855648060937,0.7398908206727235
2008-02-19,25.59,24.011206433930155,1.6990001624440711,-0.12020659637422781
2008-02-26,21.9,24.310185373070716,1.7239886158026443,-4.134173988873361
2008-03-04,25.52,24.622474235043402,3.280933481162227,-2.383407716205628
2008-03-11,26.36,24.94753703350954,2.0160701350682837,-0.6036071685778239
2008-03-18,25.79,25.284799435781864,-0.3170255517013527,0.8222261159194879
2008-03-25,25.72,25.633626158630566,0.05281044280533695,0.033563398564094626
2008-04-01,22.68,25.993359027557506,-0.5516413772772526,-2.7617176502802536
2008-04-08,22.36,26.363258323075886,-1.7783991939851773,-2.22485912909071
2008-04-15,22.78,26.74248499612211,-2.7249967401076036,-1.2374882560145046
2008-04-22,20.87,27.130163269391247,-3.237096043780164,-3.023067225611083
2008-04-29,20.24,27.52541993631379,-2.4437777438614416,-4.841642192452348
2008-05-06,18.21,27.927376679020615,-4.24194412577814,-5.475432553242474
2008-05-13,17.98,28.33514096724441,-3.981936679998526,-6.373204287245883
2008-05-20,17.58,28.7477957192388,-4.157134903981758,-7.010660815257044
2008-05-27,19.64,29.164371817997228,-2.893378104827605,-6.630993713169623
2008-06-03,20.24,29.583807364798623,-3.047949996869599,-6.2958573679290275
2008-06-10,23.18,30.00490535384406,-1.368202408732052,-5.456702945112006
2008-06-17,21.13,30.42630010242788,-3.358438472410829,-5.9378616300170535
2008-06-24,22.42,30.846526294441468,-1.9446979239987483,-6.481828370442717
2008-07-01,23.65,31.26402383758877,-3.375330818867781,-4.238693018720991
2008-07-08,23.15,31.677159417794083,-2.1784057975883586,-6.348753620205727
2008-07-15,28.54,32.08427200289028,-2.7242436146770355,-0.8200283882132453
2008-07-22,21.18,32.48370227730484,-4.78701500314201,-6.516687274162834
2008-07-29,22.03,32.873800579575594,-3.080621995414186,-7.763178584161405
2008-08-05,21.14,33.253016054238735,-3.956675576379324,-8.156340477859409
2008-08-12,21.17,33.61995720501251,-2.352449506816089,-10.09750769819642
2008-08-19,21.28,33.97344743776848,-2.8697678066860943,-9.823679631082381
2008-08-26,20.49,34.3125868956104,-2.8752285622906313,-10.947358333319773
2008-09-02,21.99,34.63675860321131,-2.414919359833704,-10.23183924337761
2008-09-09,25.47,34.9456574993172,-2.0243002417354248,-7.451357257581776
2008-09-16,30.3,35.23924572247371,-2.7262800599023627,-2.2129656625713494
2008-09-23,35.72,35.51769066494901,-1.7165365350924526,1.9188458701434428
2008-09-30,39.39,35.781335367485184,-0.09802846195839666,3.7066930944732164
2008-10-07,53.68,36.030548557783746,3.3285143216568893,14.320937120559364
2008-10-14,55.13,36.26567909673351,3.7449562306589366,15.11936467260756
2008-10-21,53.11,36.487011950587345,2.7619395249963175,13.86104852441634
2008-10-28,66.96,36.694707899011114,7.864771597112174,22.400520503876706
2008-11-04,47.73,36.88880740353514,3.538978340892318,7.302214255572537
2008-11-11,61.44,37.069201372536874,6.291020314003229,18.079778313459897
2008-11-18,67.64,37.23564739966543,8.411201058844195,21.99315154149037
2008-11-25,60.9,37.38779047013075,6.275163043534831,17.237046486334414
2008-12-02,62.98,37.525194808018654,6.822898182338272,18.631907009643072
2008-12-09,58.91,37.64726655777146,5.400865720607295,15.861867721621245
2008-12-16,52.37,37.753211238639814,2.604045191213656,12.012743570146526
2008-12-23,45.02,37.84205512679161,-1.0962698825228046,8.274214755731201
2008-12-30,41.63,37.91275158280625,-0.8542235616854036,4.571471978879153
2009-01-06,38.56,37.964319379009694,-1.1706645153545074,1.7663451363448175
2009-01-13,43.27,37.99587250816948,-0.8401613165488545,6.114288808379378
2009-01-20,56.65,38.00667318806955,4.616399132667998,14.02692767926245
2009-01-27,42.25,37.99614109398736,1.5193900045705016,2.734468901442135
2009-02-03,43.06,37.96383550485721,1.1364791157847625,3.959685379358035
2009-02-10,46.67,37.90941646606714,2.592229414096316,6.168354119836543
2009-02-17,48.66,37.83258792639067,2.0222059689746272,8.8052061046347
2009-02-24,45.49,37.73313462560104,1.1554769044462179,6.601388469952745
2009-03-03,50.93,37.61091748714253,2.804453153701613,10.514629359155855
2009-03-10,44.37,37.465927112151796,0.9083308845465203,5.995742003301679
2009-03-17,40.8,37.298263625622155,-0.3904762166172394,3.8922125909950793
2009-03-24,42.93,37.10812070360129,-0.5620752657748251,6.383954562173535
2009-03-31,44.14,36.89572670312224,-1.0313449501557195,8.275618247033478
2009-04-07,40.39,36.66136544014568,-2.618667689683115,6.347302249537435
2009-04-14,37.67,36.40541432831782,-3.3969340163179114,4.661519688000098
2009-04-21,37.14,36.12834771856719,-4.213016083924521,5.224668365357331
2009-04-28,37.95,35.8307441503484,-2.332842853750861,4.452098703402463
2009-05-05,33.36,35.513290651087075,-3.8515188340400255,1.6982281829529526
2009-05-12,31.8,35.17677991783434,-3.229551422618527,-0.14722849521581338
2009-05-19,28.8,34.8221338401934,-2.8025663803144014,-3.2195674598789985
2009-05-26,30.62,34.45048472112474,-1.4232979310874683,-2.4071867900372723
2009-06-02,29.63,34.06322498689413,-1.5578373092328148,-2.875387677661312
2009-06-09,28.27,33.66205271027748,-1.113578656826804,-4.278474053450676
2009-06-16,32.68,33.248983586629016,-2.7553784156976304,2.186394829068611
2009-06-23,30.58,32.82630828440305,-2.0705524699580633,-0.17575581444498312
2009-06-30,26.35,32.39655765398634,-1.5287054350429168,-4.517852218943425
2009-07-07,30.85,31.962408959806396,-1.5656588522930879,0.45324989248669567
2009-07-14,25.02,31.52663973883734,-2.9799439153556944,-3.5266958234816457
2009-07-21,23.87,31.092064741693154,-5.135181286863039,-2.0868834548301116
2009-07-28,25.01,30.661544791712917,-4.1813165372858085,-1.4702282544271057
2009-08-04,24.89,30.237874969992756,-4.326777256559891,-1.0210977134328623
2009-08-11,25.99,29.823638889877635,-2.427909436904013,-1.405729452973624
2009-08-18,26.18,29.421141942376934,-2.303350781901266,-0.937791160475669
2009-08-25,24.92,29.032311348075535,-1.613065675610473,-2.4992456724650616
2009-09-01,29.15,28.658608528423155,-1.0597167469580806,1.5511082185349245
2009-09-08,25.62,28.300990663750753,-1.0902565244992788,-1.5907341392514738
2009-09-15,23.42,27.959974642848437,-1.5507973209630213,-2.989177321885414
2009-09-22,23.08,27.635708130546067,-0.6272412083251434,-3.9284669222209274
2009-09-29,25.19,27.327990271875617,1.4681021291210676,-3.6060924009966833
2009-10-06,25.7,27.036388730066488,5.148016602842398,-6.484405332908889
2009-10-13,22.99,26.760287675272192,3.621714800865652,-7.392002476137844
2009-10-20,20.9,26.498945464208184,2.861098338672614,-8.4600438028808
2009-10-27,24.83,26.251570538314443,7.580635229501894,-9.002205767816339
2009-11-03,28.81,26.017160544163076,4.440303187173872,-1.6474637313369485
2009-11-10,22.84,25.794655977376575,5.159237784079868,-8.113893761456442
2009-11-17,22.41,25.583086151214772,7.990340546170295,-11.163426697385066
2009-11-24,20.47,25.38156534548739,5.436609936835664,-10.348175282323057
2009-12-01,21.92,25.18937158069352,6.767076801108338,-10.036448381801858
2009-12-08,23.69,25.005966154355242,4.555573183089783,-5.871539337445025
2009-12-15,21.49,24.830963730635577,1.8013463497226532,-5.142310080358232
2009-12-22,19.54,24.664060269334232,-1.5335845051024641,-3.590475764231769
2009-12-29,20.01,24.504955491008875,-1.7235282632741047,-2.771427227734769
2010-01-05,19.35,24.353251785284854,-2.3144780598772194,-2.688773725407632
2010-01-12,18.25,24.20854030340008,-1.9618320317867903,-3.99670827161329
2010-01-19,17.58,24.070527945925868,1.958559846819258,-8.449087792745127
2010-01-26,24.55,23.938930248744985,0.0374965964228291,0.5735731548321858
2010-02-02,21.48,23.81344609154992,-0.4520694265843103,-1.881376664965611
2010-02-09,26.0,23.69376078606346,0.965297829489463,1.3409413844470777
2010-02-16,22.25,23.57955662001323,0.6903667280522083,-2.0199233480654364
2010-02-23,21.37,23.470523932501536,0.29158496943747086,-2.392108901939004
2010-03-02,19.06,23.366416187604692,1.4534886562943727,-5.759904843899065
2010-03-09,17.92,23.266978927178016,-0.4458529643123317,-4.9011259628656845
2010-03-16,17.69,23.171944545657674,-0.8956009996822744,-4.586343545975399
2010-03-23,16.35,23.081128320029492,-1.672233889349379,-5.0588944306801125
2010-03-30,17.13,22.99447124425724,-1.919546073270215,-3.9449251709870268
2010-04-06,16.23,22.912036138685092,-3.347888669598995,-3.3341474690860977
2010-04-13,16.2,22.834036530239196,-3.5271812440040344,-3.106855286235163
2010-04-20,15.73,22.760795668009646,-4.450217408572132,-2.5805782594375124
2010-04-27,22.81,22.692702515511122,-2.3049567846518295,2.422254269140705
2010-05-04,23.84,22.630159717485057,-3.202052844035717,4.411893126550659
2010-05-11,28.32,22.57350930018742,-2.233285827280068,7.979776527092646
2010-05-18,33.55,22.52295736239344,-0.7628037595875792,11.789846397194133
2010-05-25,34.61,22.478535376979824,0.40238787152627165,11.729076751493903
2010-06-01,35.54,22.440085264544432,-0.20685729892468724,13.306772034380256
2010-06-08,33.7,22.407230808142533,0.3197262763607356,10.973042915496737
2010-06-15,25.87,22.379458157798105,-1.1387321320020594,4.629273974203954
2010-06-22,27.05,22.356117679492368,-1.3501684020139146,6.044050722521547
2010-06-29,34.13,22.3363932783059,0.012887840190717342,11.78071888150339
2010-07-06,29.65,22.319385181845558,-1.1937005531876577,8.524315371342098
2010-07-13,24.56,22.30411434771487,-2.3469967847496083,4.60288243703474
2010-07-20,23.93,22.2895626568695,-3.870978025272777,5.511415368403277
2010-07-27,23.19,22.27468766278746,-2.9633576130688923,3.8786699502814344
2010-08-03,22.63,22.25844793879711,-2.1465978785521433,2.5181499397550304
2010-08-10,22.37,22.239877947204384,0.485073676343766,-0.3549516235481498
2010-08-17,24.33,22.21811789104337,0.5090804062243599,1.6028017027322683
2010-08-24,27.46,22.19243159171599,1.9813611651920464,3.2862072430919618
2010-08-31,26.05,22.162330249281595,2.1728946940296563,1.714775056688751
2010-09-07,23.8,22.127640146931714,2.2534393351553965,-0.5810794820871088
2010-09-14,21.56,22.088447940426118,1.4291322201968748,-1.9575801606229923
2010-09-21,22.35,22.04506641614703,0.9284933395878741,-0.6235597557349024
2010-09-28,22.6,21.997983493306627,3.3549204821621954,-2.752903975468822
2010-10-05,21.76,21.947840320842275,5.576577042417073,-5.764417363259348
2010-10-12,18.93,21.895400708571003,2.3154230044730673,-5.280823713044072
2010-10-19,20.63,21.84148668572787,1.692125954089349,-2.9036126398172186
2010-10-26,20.22,21.787001249855056,4.572103701681096,-6.139104951536153
2010-11-02,21.57,21.73300497556229,4.680859852271875,-4.843864827834167
2010-11-09,19.08,21.680559210559377,1.9872085659608194,-4.587767776520199
2010-11-16,22.58,21.63061109307165,4.439575958715366,-3.490187051787018
2010-11-23,20.63,21.583970334110244,2.814083747724721,-3.768054081834965
2010-11-30,23.54,21.54130983110654,4.042990238145615,-2.0443000692521522
2010-12-07,17.99,21.50317551515381,2.0426665305274105,-5.5558420456812225
2010-12-14,17.61,21.470042316066095,-0.06750398827804763,-3.792538327788048
2010-12-21,16.49,21.44237656959599,-2.116317658717164,-2.836058910878826
2010-12-28,17.52,21.420629695608685,-2.0785096618948304,-1.8221200337138548
2011-01-04,17.38,21.40522023791812,-2.235798802482575,-1.7894214354355462
2011-01-11,16.89,21.39648282703231,-3.1424200597013487,-1.3640627673309638
2011-01-18,15.87,21.394604740537492,-1.8183344388571634,-3.7062703016803304
2011-01-25,17.59,21.39972709614309,-1.863637236546271,-1.9460898595968175
2011-02-01,17.63,21.411993211599977,-2.2636995176095627,-1.5182936939904152
2011-02-08,15.81,21.431603525127315,-1.6130704263577142,-4.0085330987696
2011-02-15,16.37,21.45880536835764,-1.7665480251326384,-3.322257343225001
2011-02-22,20.8,21.493839241874575,-1.344388996293151,0.6505497544185772
2011-03-01,21.01,21.536874645612997,-0.8620066220517477,0.3351319764387526
2011-03-08,19.82,21.587975613358495,-1.6719792632680226,-0.09599635009047347
2011-03-15,24.32,21.647112214198785,-2.3992830426025162,5.072170828403731
2011-03-22,20.21,21.714110043478055,-3.222837897473682,1.7187278539956274
2011-03-29,18.16,21.788617933816827,-3.5743421642228284,-0.05427576959399971
2011-04-05,17.25,21.870123766481637,-4.34636925791206,-0.27375450856957784
2011-04-12,17.09,21.957876234749307,-3.3765424995877478,-1.491333735161561
2011-04-19,15.83,22.050886368229765,-4.2171140762862365,-2.0037722919435303
2011-04-26,15.62,22.148006115373644,-2.4434419366074387,-4.084564178766204
2011-05-03,16.7,22.247994693909735,-2.6305764711478417,-2.9174182227618957
2011-05-10,15.91,22.349626606972134,-1.2268402928689368,-5.212786314103198
2011-05-17,17.55,22.45174824406145,1.1066698340596148,-6.008418078121064
2011-05-24,17.82,22.553301074281375,1.9083309814439855,-6.64163205572536
2011-05-31,15.45,22.653352040116218,1.186150063277005,-8.389502103393223
2011-06-07,18.07,22.751099596619987,2.5251265372155642,-7.2062261338355516
2011-06-14,18.26,22.84581395867194,0.5089920095705197,-5.094805968242458
2011-06-21,18.86,22.9368494458545,-0.14412406732107397,-3.9327253785334264
2011-06-28,19.17,23.023727162128715,1.9456717286005458,-5.7993988907292575
2011-07-05,16.06,23.106133205189508,-0.5544854689818672,-6.491647736207643
2011-07-12,19.87,23.183851241912297,-0.9514547820615593,-2.3623964598507357
2011-07-19,19.21,23.256729730751637,-1.906951496637058,-2.13977823411458
2011-07-26,20.23,23.324657305176295,-0.7655057447247833,-2.3291515604515105
2011-08-02,24.79,23.387548961166484,0.14321942942646798,1.2592316094070455
2011-08-09,35.06,23.445334773261568,2.3908479351660192,9.223817291572413
2011-08-16,32.85,23.497977339339577,2.0203343078364755,7.331688352823949
2011-08-23,36.27,23.545522881399144,4.057738496433575,8.666738622167287
2011-08-30,32.89,23.58805472229363,3.7868048186280316,5.515140459078339
2011-09-06,37.0,23.6256001441174,4.477167781228395,8.897232074654205
2011-09-13,36.91,23.658125761466877,3.12014546424765,10.13172877428547
2011-09-20,32.86,23.685556752049134,1.6275039528118613,7.546939295139005
2011-09-27,37.71,23.707787257616356,3.643659686423955,10.358553055959693
2011-10-04,40.82,23.724656948064375,4.66262712902577,12.432715922909853
2011-10-11,32.86,23.73594449238307,2.1019362107318256,7.022119296885105
2011-10-18,31.56,23.74138680511563,1.5640818316040463,6.254531363280321
2011-10-25,32.22,23.74065686395364,2.505106576139901,5.974236559906458
2011-11-01,34.77,23.733371555120634,3.7988287609692706,7.237799683910097
2011-11-08,27.48,23.719122688817972,0.4673184096277188,3.2935589015543094
2011-11-15,31.22,23.697503615895588,2.1818656780728274,5.3406307060315825
2011-11-22,31.97,23.66817675810305,1.4270444314745347,6.874778810422413
2011-11-29,30.64,23.630870828661873,2.162568247067488,4.846560924270641
2011-12-06,28.13,23.585335107842056,0.7461901122044354,3.7984747799535086
2011-12-13,25.41,23.531317035515126,-0.7459289638796225,2.624611928364498
2011-12-20,23.22,23.468559433726817,-1.5596308727605208,1.3110714390337037
2011-12-27,21.91,23.396835217016513,-1.3492955347578521,-0.13753968225865876
2012-01-03,22.97,23.3159774383084,-0.9108213517382029,0.5648439134298009
2012-01-10,20.69,23.22587079408948,-2.944245264576556,0.4083744704870753
2012-01-17,22.2,23.126414497702857,-2.857046990136411,1.9306324924335527
2012-01-24,18.91,23.01757262613174,-2.8281932828115854,-1.279379343320155
2012-01-31,19.44,22.89935227363321,-2.3919252721639754,-1.0674270014692304
2012-02-07,17.65,22.771721643744996,-2.422818115773791,-2.6989035279712077
2012-02-14,19.54,22.634606056230385,-2.7889580092829327,-0.3056480469474536
2012-02-21,18.19,22.487949880643068,-2.2187259600111715,-2.0792239206318968
2012-02-28,17.96,22.331731381367735,-1.2554826625369726,-3.116248718830761
2012-03-06,20.87,22.16599312317667,-1.6091368748428083,0.3131437516661393
2012-03-13,14.8,21.990931736284523,-2.4067197024915403,-4.784212033792983
2012-03-20,15.58,21.806900084607523,-2.8017918681396883,-3.4251082164678337
2012-03-27,15.59,21.614439031008423,-3.6600418913455637,-2.3643971396628594
2012-04-03,15.66,21.414240955744432,-4.002483640404132,-1.7517573153402992
2012-04-10,20.39,21.207134761432386,-2.4451437144650168,1.6280089530326336
2012-04-17,18.46,20.99409751486781,-2.962862678750326,0.42876516388251673
2012-04-24,18.1,20.776216919899813,-2.73105152244114,0.05483460254133021
2012-05-01,16.6,20.554689578893008,-2.675111305620576,-1.2795782732724312
2012-05-08,19.05,20.33077438598614,-1.850891916869404,0.570117530883266
2012-05-15,21.97,20.10578002319112,-0.2096226736170384,2.0738426504259166
2012-05-22,22.48,19.881031701653452,0.389204090441466,2.2097642079050814
2012-05-29,21.03,19.65780928346774,-0.3632859138509303,1.735476630383193
2012-06-05,24.68,19.437309665318203,1.70490228850678,3.5377880461750166
2012-06-12,22.09,19.220646263019187,0.3799853337819147,2.489368403198899
2012-06-19,18.38,19.008842818959906,-0.3890132903897186,-0.23982952857018702
2012-06-26,19.72,18.802799044939714,1.3015910334812797,-0.3843900784209957
2012-07-03,16.66,18.60325677477641,-1.4079814583073123,-0.5352753164690967
2012-07-10,18.72,18.41082996875586,-0.769495013402408,1.0786650446465487
2012-07-17,16.48,18.225982384501066,-1.5974189803560253,-0.14856340414504032
2012-07-24,20.47,18.048991827972365,-0.6566079069035425,3.0776160789311753
2012-07-31,18.93,17.87996431008846,0.3360694049199647,0.7139662849915744
2012-08-07,15.99,17.71889642407687,2.316715990735639,-4.04561241481251
2012-08-14,14.85,17.565687938204235,1.2698569079824302,-3.9855448461866647
2012-08-21,15.02,17.42013416521626,3.0134827568371305,-5.413616922053393
2012-08-28,16.49,17.28189380847565,2.877253933025024,-3.6691477415006766
2012-09-04,17.98,17.150525214999327,4.185537259607092,-3.356062474606418
2012-09-11,16.41,17.025538876509657,3.1106024403930026,-3.726141316902659
2012-09-18,14.18,16.90641621299907,1.465719495727473,-4.192135708726543
2012-09-25,15.43,16.792659874677955,3.2301829107372186,-4.592842785415174
2012-10-02,15.71,16.683834948216123,4.56926333669791,-5.5430982849140324
2012-10-09,16.37,16.579519333313293,3.7881614897328615,-3.997680823046153
2012-10-16,15.22,16.47930355528594,3.457795004277507,-4.717098559563448
2012-10-23,18.83,16.382781804308312,2.61990472380217,-0.17268652811048568
2012-10-30,17.81,16.289584716784194,3.0035301702933994,-1.483114887077594
2012-11-06,17.58,16.199389109654916,0.8705929958313677,0.5100178945137159
2012-11-13,16.65,16.1119173671436,1.6382721423766795,-1.1001895095202823
2012-11-20,15.08,16.026932066797055,1.4639419707063448,-2.410874037503401
2012-11-27,15.92,15.944244070661043,1.3855357183227772,-1.409779788983819
2012-12-04,17.12,15.863726071308362,1.0783915967451663,0.1778823319464724
2012-12-11,15.57,15.785304100670302,-0.020066810902896113,-0.1952372897674053
2012-12-18,15.57,15.708938384249821,0.8074303300176671,-0.9463687142674875
2012-12-25,17.84,15.634614192565834,-0.563605073408613,2.768990880842779
2013-01-01,18.02,15.562363417013977,0.22047219604871054,2.2371643869373123
2013-01-08,13.62,15.492254837543818,-1.3158448433418186,-0.5564099942020011
2013-01-15,13.55,15.42440104053095,-1.224867752794305,-0.6495332877366451
2013-01-22,12.43,15.358929485171613,-2.086951598594644,-0.8419778865769683
2013-01-29,13.31,15.2959756212084,-1.1632048366618326,-0.8227707845465684
2013-02-05,13.72,15.235654536148086,-0.7794115200040286,-0.7362430161440567
2013-02-12,12.64,15.178076211723834,-1.6906062589960134,-0.8474699527278204
2013-02-19,12.31,15.12334722035356,-1.9476219964970791,-0.8657252238564812
2013-02-26,16.87,15.071603491606206,-0.8909313104610861,2.6893278188548795
2013-03-05,13.48,15.023048838702444,-1.0623649726475257,-0.48068386605491753
2013-03-12,12.27,14.97782280479603,-2.0057939936129294,-0.7020288111831015
2013-03-19,14.39,14.935981131320208,-1.736156565385107,1.1901754340649013
2013-03-26,12.77,14.89750089108985,-2.6895670694336604,0.5620661783438106
2013-04-02,12.78,14.862301413789918,-2.78254096108986,0.7002395472999403
2013-04-09,12.84,14.830293098903947,-1.1152853387701995,-0.875007760133748
2013-04-16,13.96,14.801366048398673,-1.2963201028249365,0.45495405442626335
2013-04-23,13.48,14.775377457603263,-2.1659340275302634,0.8705565699270004
2013-04-30,13.52,14.752112378531747,-2.338519872661845,1.1064074941300976
2013-05-07,12.83,14.731310250337762,-1.7320498767807668,-0.16926037355699464
2013-05-14,12.77,14.71270089808809,-1.2683468855262598,-0.6743540125618299
2013-05-21,13.37,14.69600539944762,-0.7861378716704119,-0.5398675277772078
2013-05-28,14.48,14.680949874941724,-1.287596728262041,1.0866468533203175
2013-06-04,16.27,14.667288475173722,0.5729858645903557,1.029725660235922
2013-06-11,17.07,14.654783869624323,-0.0076441699903253,2.4228603003660023
2013-06-18,16.61,14.643175497693946,-0.6863102256127923,2.6531347279188466
2013-06-25,18.47,14.632155550411639,0.0052195651317957364,3.832624884456564
2013-07-02,16.44,14.621371515695701,-1.2782661020064432,3.0968945863107447
2013-07-09,14.35,14.610456817774764,-0.9373940418554343,0.6769372240806693
2013-07-16,14.42,14.599067556517527,-1.8030768523869953,1.6240092958694685
2013-07-23,12.66,14.586957443290531,-1.1958724127088305,-0.7310850305817009
2013-07-30,13.39,14.573959471949784,-0.5064087919163027,-0.6775506800334803
2013-08-06,12.72,14.559957359512232,0.48013880161444267,-2.320096161126674
2013-08-13,12.31,14.544891067585162,-0.7546854832066845,-1.4802055843784778
2013-08-20,14.91,14.528751911572675,-0.07986597713071299,0.46111406555803747
2013-08-27,16.77,14.511606033967864,2.5942498233143887,-0.33585585728225276
2013-09-03,16.61,14.493621596718954,3.063261438873356,-0.946883035592311
2013-09-10,14.53,14.475023107772515,1.748854032428174,-1.693877140200689
2013-09-17,14.53,14.456010998276431,0.3618242457892337,-0.28783524406566485
2013-09-24,14.08,14.43665646200323,1.615208701630224,-1.9718651636334528
2013-10-01,15.54,14.416909254844898,3.232593834792396,-2.109503089637295
2013-10-08,20.34,14.396670103346,3.489953588602257,2.453376308051741
2013-10-15,18.66,14.37580275490432,3.8638651207490256,0.420332124346654
2013-10-22,13.33,14.354195189331568,1.433255447215368,-2.4574506365469357
2013-10-29,13.41,14.331770478067925,1.0047142793681976,-1.926484757436123
2013-11-05,13.27,14.308543380605414,0.23507414276909563,-1.2736175233745097
2013-11-12,12.82,14.284643000230366,-0.1690038238543951,-1.2956391763759711
2013-11-19,13.39,14.260226267736055,0.28242704398885154,-1.1526533117249063
2013-11-26,12.81,14.235449972918921,-0.4869878327495517,-0.9384621401693689
2013-12-03,14.55,14.210479850702363,0.11538775149389344,0.2241323978037446
2013-12-10,13.91,14.185463758615308,0.09653381875414896,-0.3719975773694575
2013-12-17,16.21,14.160525535139682,3.116465158357948,-1.0669906934976279
2013-12-24,12.48,14.135820055868683,-0.16941867019864387,-1.4864013856700389
2013-12-31,13.72,14.111549991870296,0.5916645003128392,-0.9832144921831354
2014-01-07,12.92,14.087960643615315,0.6826776519346487,-1.8506382955499632
2014-01-14,12.28,14.065367666047175,0.8189950407664869,-2.604362706813662
2014-01-21,12.87,14.044094958312026,0.5756055866308063,-1.749700544942833
2014-01-28,15.8,14.024472121588284,0.6726566738016204,1.1028712046100964
2014-02-04,19.11,14.006862996037068,1.541831622493995,3.5613053814689373
2014-02-11,14.51,13.991623709517103,0.5801970384422126,-0.06182074795931669
2014-02-18,13.87,13.979060717542506,-0.41702395147469906,0.3079632339321918
2014-02-25,13.67,13.969448744262838,-0.1668666521343839,-0.1325820921284535
2014-03-04,14.1,13.962989744479481,-0.890762055905396,1.027772311425915
2014-03-11,14.8,13.959806599226281,-0.7698942306672096,1.610087631440928
2014-03-18,14.52,13.959963745035523,-0.6614814825110258,1.2215177374755015
2014-03-25,14.02,13.963459298169184,-1.9955497496037742,2.052090451434591
2014-04-01,13.1,13.97024585180481,-1.8433504912598642,0.9731046394550535
2014-04-08,14.89,13.980238381687764,-0.7981438699981651,1.7079054883104021
2014-04-15,15.61,13.993323121054425,-0.8260243972311561,2.442701276176729
2014-04-22,13.19,14.009363143552015,-1.9360549820462216,1.116691838494205
2014-04-29,13.71,14.028212694786895,-2.0575280794521795,1.7393153846652858
2014-05-06,13.8,14.049678901287242,-1.3001109200589602,1.050432018771719
2014-05-13,12.13,14.07348616749299,-1.8033815716717065,-0.1401045958212812
2014-05-20,12.96,14.099287377187872,-1.4132829236688587,0.2739955464809878
2014-05-27,11.51,14.12669016271812,-1.4832594894983708,-1.133430673219749
2014-06-03,11.87,14.155284852925194,-0.5210101597325544,-1.7642746931926396
2014-06-10,10.99,14.184680897220645,-0.7711369208166916,-2.423543976403952
2014-06-17,12.06,14.214517642436633,-0.2088968502010964,-1.9456207922355357
2014-06-24,12.13,14.244512513980833,-0.46048722439873635,-1.654025289582096
2014-07-01,11.15,14.274465229808001,0.03943703310631488,-3.1639022629143163
2014-07-08,11.98,14.304231145876564,-0.9058155882942316,-1.4184155575823318
2014-07-15,11.96,14.333702590849287,-2.006001938665507,-0.36770065218377823
2014-07-22,12.24,14.362773550193044,-2.4181433998564352,0.2953698496633912
2014-07-29,13.28,14.391383421191438,-1.6530010909430788,0.5416176697516395
2014-08-05,16.87,14.419483059777908,-1.1561956540854605,3.606712594307554
2014-08-12,14.13,14.447012251011774,-2.138254875679557,1.8212426246677857
2014-08-19,12.21,14.47391495582536,-1.8743859875163265,-0.3895289683090333
2014-08-26,11.63,14.500142198757166,4.269474582891837,-7.139616781649002
2014-09-02,12.25,14.525644073674101,3.4580681469105885,-5.733712220584689
2014-09-09,13.5,14.550403961225342,1.362958969118064,-2.413362930343407
2014-09-16,12.73,14.574507603248293,0.9098291925616118,-2.7543367958099036
2014-09-23,14.93,14.59829251782561,1.3451465577430946,-1.013439075568705
2014-09-30,16.31,14.622274024897491,2.9996259818565396,-1.3119000067540316
2014-10-07,17.2,14.647075216401822,2.7122551763769502,-0.15933039277877192
2014-10-14,22.79,14.673338964347765,3.513064219128465,4.603596816523767
2014-10-21,16.08,14.701668672626823,0.09258129255374226,1.2857500348194328
2014-10-28,14.39,14.73262566704449,-0.7270465615961736,0.3844208945516847
2014-11-04,14.89,14.766654466200897,-0.3494816978996691,0.4728272316987727
2014-11-11,12.92,14.804043976865765,-0.9029400850184309,-0.9811038918473347
2014-11-18,13.86,14.844957039462818,-0.2613697983621522,-0.7235872411006667
2014-11-25,12.25,14.889464221419166,-1.6212361280057008,-1.0182280934134642
2014-12-02,12.85,14.937557506981022,-1.1481520660313906,-0.9394054409496313
2014-12-09,14.89,14.989185641720539,-0.23330102365436603,0.1341153819338281
2014-12-16,23.57,15.04429506624364,3.8081972608958563,4.7175076728605045
2014-12-23,14.8,15.102801480694588,-0.674185712413565,0.3713842317189773
2014-12-30,15.92,15.164561096170338,-0.08917563935881981,0.8446145431884808
2015-01-06,21.12,15.229383505171047,1.6867947807057968,4.203821714123158
2015-01-13,20.56,15.297009671895324,2.0274067681037216,3.235583560000954
2015-01-20,19.89,15.367100852747294,2.8358886934796836,1.6870104537730217
2015-01-27,17.22,15.43927986136261,1.9238204422919623,-0.14310030365457393
2015-02-03,17.33,15.513200021352871,2.809058555230825,-0.9922585765836978
2015-02-10,17.23,15.5885603555751,2.597050762969841,-0.9556111185449403
2015-02-17,15.8,15.665118376233389,1.3161731082809305,-1.1812914845143183
2015-02-24,13.69,15.742644688992229,0.40054322515550844,-2.4531879141477386
2015-03-03,13.86,15.820913693552324,-0.48096010752369206,-1.479953586028632
2015-03-10,16.69,15.899739675726966,0.49594904042058136,0.29431128385245486
2015-03-17,15.66,15.97895851404469,-0.03940345810164566,-0.2795550559430442
2015-03-24,13.62,16.05839531711324,-1.5788768612006392,-0.8595184559126032
2015-03-31,15.29,16.13782368211309,-1.514067218060494,0.6662435359474017
2015-04-07,14.78,16.216984453885818,-0.7554272081938794,-0.6815572456919394
2015-04-14,13.67,16.29559370433992,-0.5915698705958695,-2.034023833744053
2015-04-21,13.25,16.37333025553381,-1.854591796040083,-1.2687384594937257
2015-04-28,12.41,16.449860325140712,-2.136145320253592,-1.90371500488712
2015-05-05,14.31,16.52486386036459,-1.2291232577771511,-0.9857406025874376
2015-05-12,13.86,16.598029050523227,-2.3564848571510617,-0.3815441933721644
2015-05-19,12.85,16.66906710101428,-1.8029185393186267,-2.0161485616956547
2015-05-26,14.06,16.73772661115331,-1.999518251274915,-0.6782083598783935
2015-06-02,14.24,16.803799297372322,-1.7646415524925394,-0.799157744879782
2015-06-09,14.47,16.867099827598413,-1.867979504072544,-0.5291203235258664
2015-06-16,14.81,16.92747938476835,0.11406437604508365,-2.231543760813434
2015-06-23,12.11,16.98481105665143,-0.9251926355335213,-3.9496184211179095
2015-06-30,18.23,17.038965152270737,0.4730398137675702,0.7179950339616923
2015-07-07,16.09,17.08984882617173,-0.9278623864587339,-0.0719864397129939
2015-07-14,13.37,17.137467807227697,-2.25345858582869,-1.5140092213990073
2015-07-21,12.22,17.18192214611758,-3.1857395248551774,-1.7761826212624001
2015-07-28,13.44,17.22339126779608,-2.257185247772301,-1.526206020023782
2015-08-04,13.0,17.262155562627363,-1.3740095376595802,-2.8881460249677833
2015-08-11,13.71,17.298584747883496,-2.256699726038196,-1.3318850218452987
2015-08-18,13.79,17.33308607763056,-2.0979007993769523,-1.4451852782536108
2015-08-25,36.02,17.36599500044746,4.1953900593666145,14.458614940185928
2015-09-01,31.4,17.397540833259335,3.245702073754141,10.756757092986522
2015-09-08,24.9,17.42782041451614,1.2720911073045404,6.2000884781793175
2015-09-15,22.54,17.456789072479566,1.7361526568588679,3.3470582706615666
2015-09-22,22.44,17.48423567251503,1.7011518701847894,3.25461245730018
2015-09-29,26.83,17.509822908384933,2.747047422270158,6.573129669344908
2015-10-06,19.4,17.533164389200568,1.4015173050722096,0.46531830572721944
2015-10-13,17.67,17.553963939005772,2.6798050406254617,-2.5637689796312326
2015-10-20,15.75,17.571990184934638,-0.1135381823204341,-1.7084520026142034
2015-10-27,15.43,17.58702566090167,-1.0035657149743593,-1.1534599459273096
2015-11-03,14.54,17.598887764285266,0.07289969399227267,-3.1317874582775396
2015-11-10,15.29,17.607420870114126,-0.23687074716852274,-2.0805501229456045
2015-11-17,18.84,17.61249383893008,-0.11886138681459633,1.3463675478845154
2015-11-24,15.93,17.613971780922256,-1.850490375372353,0.1665185944500962
2015-12-01,14.67,17.611741145969436,-1.7221950199683462,-1.219546126001088
2015-12-08,17.6,17.60572313502065,-0.5703676527132256,0.5646445176925781
2015-12-15,20.95,17.59585968025126,2.9501049868187748,0.40403533292996485
2015-12-22,16.6,17.582067881857586,-1.229824358164278,0.2477564763066944
2015-12-29,16.08,17.564254705836806,-0.8023962889257764,-0.6818584169110302
2016-01-05,19.34,17.542351315024167,1.5640500985063428,0.2335985864694905
2016-01-12,22.47,17.516321851040104,1.9420681239587505,3.0116100250011435
2016-01-19,26.05,17.486157717051885,3.1171796757629275,5.446662607185189
2016-01-26,22.5,17.45184262026479,1.449706723710406,3.598450656024802
2016-02-02,21.98,17.413336222736667,2.2691043048710404,2.297559472392294
2016-02-09,26.54,17.37056650916759,4.437010610028006,4.732422880804407
2016-02-16,24.11,17.32342435381284,2.6704619788345374,4.1161136673526215
2016-02-23,20.98,17.271754356507998,0.9903921136414671,2.7178535298505366
2016-03-01,17.7,17.215360648149115,0.2842300667832786,0.2004092850676038
2016-03-08,18.67,17.15399234625222,0.9623253342888947,0.5536823194588862
2016-03-15,16.84,17.087393878389218,0.16534761466032158,-0.4127414930495412
2016-03-22,14.17,17.01537190727946,-0.9421217928116166,-1.9032501144678413
2016-03-29,13.82,16.93785639992081,-0.5140243210720276,-2.603832078848784
2016-04-05,15.42,16.854880710391356,-0.07675424281142079,-1.358126467579936
2016-04-12,14.85,16.766577818391145,0.32761089428583534,-2.24418871267698
2016-04-19,13.24,16.67317516276204,-1.1709810134498027,-2.2621941493122364
2016-04-26,13.96,16.57495665273729,-1.7865743920895116,-0.8283822606477766
2016-05-03,15.6,16.47227630801815,-1.114158265490102,0.2418819574719535
2016-05-10,13.63,16.365594708892516,-2.1997462495840314,-0.5358484593084842
2016-05-17,15.57,16.25545641989163,-1.6476659847476793,0.9622095648560496
2016-05-24,14.42,16.142440909588192,-1.9337184545549755,0.21127754496678364
2016-05-31,14.19,16.027141005015576,-1.622336091917015,-0.2148049130985612
2016-06-07,14.05,15.910153344393981,-2.133545156373412,0.2733918119794314
2016-06-14,20.5,15.792046209969108,-0.09852063865360242,4.806474428684496
2016-06-21,18.48,15.67332860077349,-1.1470985902824373,3.953769989508947
2016-06-28,18.75,15.554467997896701,0.7128744572683043,2.482657544834993
2016-07-05,15.58,15.435892592684377,-0.5966513820714912,0.7407587893871135
2016-07-12,13.55,15.317946288070555,-2.3102206579835767,0.5422743699130219
2016-07-19,11.97,15.20087465958433,-3.341451630405644,0.1105769708213149
2016-07-26,13.05,15.084796117685139,-2.6935596041467837,0.6587634864616465
2016-08-02,13.37,14.969686228192687,-2.1399853391558556,0.5402991109631667
2016-08-09,11.66,14.855386039642475,-2.685849118428245,-0.5095369212142309
2016-08-16,12.64,14.741636984886943,-2.0565550446841456,-0.0450819402027971
2016-08-23,12.38,14.628304076373404,3.2929781724189615,-5.541282248792363
2016-08-30,13.12,14.515413732864609,2.4416002716811427,-3.837014004545752
2016-09-06,12.02,14.403122494736438,0.7913641041718189,-3.174486598908258
2016-09-13,17.85,14.291666144559812,1.3714549244833283,2.186878930956862
2016-09-20,15.92,14.181331629418757,0.8717298973261574,0.866938473255086
2016-09-27,13.1,14.072495125211974,1.2917691985425308,-2.264264323754505
2016-10-04,13.63,13.965567487519332,-0.5723252918394973,0.2367578043201668
2016-10-11,15.36,13.860917186531765,0.5825051014807193,0.9165777119875145
2016-10-18,15.28,13.758864117412076,-0.37190451318302487,1.8930403957709494
2016-10-25,13.46,13.659679004409664,-0.6122825728357074,0.41260356842604473
2016-11-01,18.56,13.563546576705127,0.6930691470158343,4.303384276279038
2016-11-08,18.74,13.470564284705672,0.32777126300095943,4.941664452293368
2016-11-15,13.37,13.380785345449048,0.2434258208667625,-0.2542111663158124
2016-11-22,12.41,13.294205431327237,-1.163710782667922,0.2795053513406849
2016-11-29,12.9,13.210726550050822,-1.5489339227839634,1.2382073727331413
2016-12-06,11.79,13.130189359576214,-0.4006345512355663,-0.9395548083406489
2016-12-13,12.72,13.052403038255457,1.3404499643901029,-1.6728530026455601
2016-12-20,11.45,12.977131130004688,-0.6005838389441214,-0.926547291060567
2016-12-27,11.99,12.904087179179852,0.6448786222334048,-1.5589658014132564
2017-01-03,12.85,12.832939061091599,1.0646777615836094,-1.0476168226752094
2017-01-10,11.49,12.763337313391068,1.0099461013967241,-2.2832834147877907
2017-01-17,11.87,12.694958022375658,2.192553216266782,-3.0175112386424416
2017-01-24,11.07,12.627477059520041,0.8663046162826771,-2.4237816758027186
2017-01-31,11.99,12.56059859309646,1.7907944893348442,-2.361393082431304
2017-02-07,11.29,12.494133203722889,6.290319058389655,-7.494452262112545
2017-02-14,10.74,12.428034890527051,4.070273607583585,-5.758308498110636
2017-02-21,11.57,12.362402532823031,2.121360695800294,-2.913763228623326
2017-02-28,12.92,12.297509814581622,1.1998620546795353,-0.5773718692611567
2017-03-07,11.45,12.233915387088766,1.2081022599082476,-1.9920176469970148
2017-03-14,12.3,12.172367876264484,0.26726195766094724,-0.13962983392543116
2017-03-21,12.47,12.113673699871168,-0.12029485789778024,0.47662115802661376
2017-03-28,11.53,12.0585972868717,0.8999076728253927,-1.4285049596970936
2017-04-04,11.79,12.007826684904256,0.8401771416296955,-1.0580038265339518
2017-04-11,15.07,11.96192198217525,1.4519103674962868,1.656167650328463
2017-04-18,14.42,11.921301650722187,-0.7421149116374242,3.240813260915237
2017-04-25,10.76,11.886310400855841,-0.9771864119317628,-0.14912398892407808
2017-05-02,10.59,11.857232520668797,-0.9858131054663115,-0.28141941520248537
2017-05-09,9.96,11.834271284697595,-1.303084416142343,-0.5711868685552499
2017-05-16,10.65,11.817543608650547,-0.8627391610569036,-0.3048044475936429
2017-05-23,10.72,11.807092199116822,-1.6975327219593905,0.6104405228425698
2017-05-30,10.38,11.802853808952927,-0.6160853998498433,-0.806768409103082
2017-06-06,10.45,11.804654754274555,-1.856705612644888,0.5020508583703318
2017-06-13,10.42,11.812294511981909,-0.30228017631782333,-1.090014335664085
2017-06-20,10.86,11.82558497979072,-0.8012249852125757,-0.16435999457814532
2017-06-27,11.06,11.844373082646976,0.6966904986673875,-1.4810635813143627
2017-07-04,11.22,11.86848112843647,-0.5769302430820739,-0.07155088535439447
2017-07-11,10.89,11.89769288116229,-2.260379525797849,1.252686644635558
2017-07-18,9.89,11.931767660518412,-3.355070097172332,1.3133024366539203
2017-07-25,9.43,11.970486163548507,-3.039913126844503,0.49942696329599556
2017-08-01,10.09,12.013672307214708,-2.588842846584311,0.665170539369603
2017-08-08,10.96,12.06115735161165,-2.58811786366155,1.486960512049901
2017-08-15,12.04,12.112767258794031,-1.692225836784858,1.6194585779908248
2017-08-22,11.35,12.168251812722346,0.1307386213884933,-0.9489904341108399
2017-08-29,11.7,12.227260981435657,0.1279321418555171,-0.6551931232911752
2017-09-05,12.23,12.289343789602388,-0.5682486553895391,0.5089048657871516
2017-09-12,10.58,12.354045272663345,-0.2349600997270785,-1.5390851729362662
2017-09-19,10.18,12.420894992772025,-1.0621995667845092,-1.1786954259875166
2017-09-26,10.17,12.489353830821953,-1.2044405979958208,-1.1149132328261313
2017-10-03,9.51,12.558840083448997,-1.9677450145069055,-1.0810950689420924
2017-10-10,10.08,12.62875909070201,-0.38477684220801356,-2.163982248493996
2017-10-17,10.31,12.698535881976696,-0.8013261166891067,-1.5872097652875894
2017-10-24,11.16,12.76761112888212,-0.19602646496660728,-1.4115846639155123
2017-10-31,10.18,12.835510720193742,1.266898490167238,-3.9224092103609802
2017-11-07,9.89,12.901913507043043,0.3872485743007413,-3.3991620813437837
2017-11-14,11.59,12.966654457571154,-0.18626311471685475,-1.1903913428542996
2017-11-21,9.73,13.029741758566775,-0.6356710950685004,-2.664070663498274
2017-11-28,10.03,13.091355077219516,-1.5965206192542238,-1.4648344579652939
2017-12-05,11.33,13.151773409473586,-0.3594140769277809,-1.4623593325458053
2017-12-12,9.92,13.211376381532974,0.014388288788666785,-3.30576467032164
2017-12-19,10.03,13.270671911869588,-0.10364496910575201,-3.1370269427638373
2017-12-26,10.25,13.330256725586928,2.74398520861483,-5.824241934201758
2018-01-02,9.77,13.390807888455965,0.5034780176590963,-4.1242859061150625
2018-01-09,10.08,13.453086185587102,-0.7414593189286436,-2.6316268666584577
2018-01-16,11.66,13.51797764193642,-0.48240660544887515,-1.3755710364875444
2018-01-23,11.1,13.586540617358033,-0.6244821745639234,-1.86205844279411
2018-01-30,14.79,13.65983200103718,0.5024649905209619,0.6277030084418556
2018-02-06,29.98,13.738716903006269,4.1731450109778505,12.06813808601588
2018-02-13,24.97,13.823825784037417,2.1955438839099575,8.950630332052626
2018-02-20,20.6,13.91557954586615,0.6320339439953211,6.052386510138531
2018-02-27,18.59,14.014179255397588,1.4171270010870354,3.158693743515377
2018-03-06,18.36,14.119545378965844,1.8252322980218192,2.415222323012335
2018-03-13,16.35,14.23139767365271,2.049016405464868,0.06958592088242277
2018-03-20,18.2,14.349307952277714,5.1309322230795935,-1.2802401753573083
2018-03-27,22.5,14.472667429652539,4.916864181678214,3.110468388669247
2018-04-03,21.1,14.600676279330855,3.5540274301943624,2.945296290474783
2018-04-10,20.47,14.732353473497229,3.6720542133946696,2.0655923131081
2018-04-17,15.25,14.866537421463681,0.37528410637186493,0.00817847216445422
2018-04-24,18.02,15.00194609870762,1.0569720946575596,1.9610818066348195
2018-05-01,15.49,15.137249384177018,-0.023114674159137885,0.3758652899821193
2018-05-08,14.71,15.271133088818582,0.7865506069633285,-1.3476836957819085
2018-05-15,14.63,15.402350983633948,0.7145009652274086,-1.4868519488613554
2018-05-22,13.22,15.529736133308107,-0.8737803849872806,-1.4359557483208256
2018-05-29,17.02,15.652237955120032,0.02801693773959602,1.33974510714037
2018-06-05,12.4,15.768989904040811,-1.3634076013667504,-2.0055823026740605
2018-06-12,12.34,15.879268805284497,-0.6399696576497007,-2.899299147634796
2018-06-19,13.35,15.98247916790692,0.14490765547500967,-2.7773868233819297
2018-06-26,15.92,16.07815538617645,0.8617657015519816,-1.0199210877284326
2018-07-03,16.14,16.165972830362925,-0.5124073769186465,0.4864345465557207
2018-07-10,12.64,16.245723651690163,-1.6721911815946238,-1.933532470095539
2018-07-17,12.06,16.317264588210573,-2.554928327453288,-1.702336260757285
2018-07-24,12.41,16.380513013436033,-3.2753694627581416,-0.6951435506778907
2018-07-31,12.83,16.43543609678305,-2.6431748320750996,-0.9622612647079514
2018-08-07,10.93,16.48208768362562,-1.9871156814221365,-3.5649720022034828
2018-08-14,13.31,16.520617668925752,-1.696436428978448,-1.5141812399473036
2018-08-21,12.86,16.55126798859346,-1.661632605866272,-2.0296353827271876
2018-08-28,12.5,16.574393394344217,-1.0408661010693723,-3.033527293274844
2018-09-04,13.16,16.59052829577589,-0.6487213586179351,-2.7818069371579544
2018-09-11,13.22,16.600331029825725,-0.4348250552738594,-2.945505974551864
2018-09-18,12.79,16.60457911314375,-2.100873829042878,-1.7137052841008718
2018-09-25,12.42,16.604171763764068,-1.6316591653991892,-2.5525125983648795
2018-10-02,12.05,16.60006135664289,-1.8430456759659566,-2.707015680676932
2018-10-09,15.95,16.59316553307235,0.22510878928734288,-0.8682743223596958
2018-10-16,17.62,16.58439556005702,-1.6171363324349781,2.6527407723779604
2018-10-23,20.71,16.574678726761817,-0.27135856121219093,4.406679834450376
2018-10-30,23.35,16.564920611969246,1.1186038968103298,5.6664754912204245
2018-11-06,19.91,16.555963786706855,0.6312943519372571,2.722741861355889
2018-11-13,20.02,16.548551125375628,-1.5810521162149627,5.052500990839334
2018-11-20,22.48,16.543292817684307,-2.00029704239131,7.937004224707003
2018-11-27,19.02,16.540643239870995,-3.2463414786628118,5.725698238791814
2018-12-04,20.74,16.540915735546616,-1.8192697835503218,6.0183540480037045
2018-12-11,21.76,16.54432797759964,-1.7645139685511404,6.980185990951501
2018-12-18,25.58,16.551000986693918,-1.6516711932786043,10.680670206584686
2018-12-25,36.07,16.560911430034352,1.0941655594147306,18.414923010550915
2019-01-01,25.42,16.573899206100332,-1.184849290210319,10.030950084109989
2019-01-08,20.47,16.589632447717296,-1.975293589415598,5.855661141698302
2019-01-15,18.6,16.6075601222744,-2.6195914049142917,4.612031282639894
2019-01-22,20.8,16.62689135899953,-2.4225134054521504,6.595622046452622
2019-01-29,19.13,16.646713764454635,-1.2440185447715288,3.727304780316892
2019-02-05,15.57,16.66618941812937,1.4324855320338943,-2.528674950163264
2019-02-12,15.43,16.68459338161657,-0.6932861008005162,-0.5613072808160524
2019-02-19,14.88,16.7013082215361,-1.857597205719765,0.036288984183666884
2019-02-26,15.17,16.71580862252012,1.1069086852313976,-2.6527173077515194
2019-03-05,14.74,16.727621691689738,2.99919573086186,-4.9868174225515975
2019-03-12,13.77,16.736309163851303,4.783392858644124,-7.749702022495427
2019-03-19,13.56,16.741495169828305,10.867245123484766,-14.04874029331307
2019-03-26,14.68,16.743065218472296,8.621652416322549,-10.684717634794845
2019-04-02,13.36,16.741300129018526,6.0980845454258255,-9.479384674444352
2019-04-09,14.28,16.73698840973815,4.723397930444164,-7.180386340182313
2019-04-16,12.18,16.731564004175034,0.694775841575495,-5.24633984575053
2019-04-23,12.28,16.72687497142661,2.8574717348839633,-7.304346706310575
2019-04-30,13.12,16.72494154805607,1.4296506293812212,-5.0345921774372915
2019-05-07,19.32,16.72777718051341,3.0143985475691566,-0.42217572808256776
2019-05-14,18.06,16.73727741497883,2.4337698660851523,-1.1110472810639838
2019-05-21,14.95,16.75520561875388,0.151110501377033,-1.9563161201309143
2019-05-28,17.5,16.783073632947275,0.6540205003466394,0.06290586670608533
2019-06-04,16.97,16.822072740952496,-0.9485204901985468,1.0964477492460496
2019-06-11,15.99,16.873085528580912,-0.9484990996085187,0.0654135710276087
2019-06-18,15.15,16.936721789905157,1.403794079420837,-3.190515869325994
2019-06-25,16.28,17.013362491685513,1.3146212021534383,-2.0479836938389493
2019-07-02,12.93,17.10324162279812,-0.06504877542375462,-4.108192847374365
2019-07-09,14.09,17.206485084896347,-0.8854623120637732,-2.231022772832574
2019-07-16,12.86,17.32316655608871,-1.4833190303310153,-2.9798475257576964
2019-07-23,12.61,17.45332596971449,-3.4015658615660094,-1.4417601081484825
2019-07-30,13.94,17.59697866658735,-2.6428189884822006,-1.0141596781051518
2019-08-06,20.17,17.754082152064495,-1.7670321369717976,4.182949984907303
2019-08-13,17.52,17.924549870026123,-1.9132563338850628,1.508706463858939
2019-08-20,17.5,18.108214969706967,-3.3034284498534037,2.6952134801464354
2019-08-27,20.31,18.304799266172097,-2.279655045503693,4.284855779331593
2019-09-03,19.66,18.513870951313127,-0.6935938516819034,1.839722900368777
2019-09-10,15.2,18.7348460932726,-0.08266980480923664,-3.452176288463365
2019-09-17,14.44,18.967006969533593,-2.809901666542514,-1.7171053029910794
2019-09-24,17.05,19.20949134913639,-1.7095695038490502,-0.4499218452873386
2019-10-01,18.56,19.461301231460084,-1.6016371152325368,0.7003358837724534
2019-10-08,20.28,19.721358826975482,1.0165951713160326,-0.45795399829151506
2019-10-15,13.54,19.98851870960719,-2.0555158586071793,-4.393002851000013
2019-10-22,14.46,20.261581779072976,0.1557907812223858,-5.9573725602953616
2019-10-29,13.2,20.539302449777026,1.7891676332472612,-9.128470083024288
2019-11-05,13.1,20.820362486299658,1.8224900985331798,-9.542852584832838
2019-11-12,12.68,21.10342225164574,-2.4725137044150722,-5.950908547230668
2019-11-19,12.86,21.38717587489913,-2.9468119087683107,-5.580363966130818
2019-11-26,11.54,21.67034850278564,-4.493720732083423,-5.636627770702216
2019-12-03,15.96,21.951690656917034,-3.0949991246482367,-2.8966915322687967
2019-12-10,15.68,22.2299416140296,-3.212843427841062,-3.3370981861885376
2019-12-17,12.29,22.503902309002896,-2.614780235213674,-7.599122073789223
2019-12-24,12.67,22.77259698730235,0.1674744323913108,-10.27007141969366
2019-12-31,13.78,23.035223183277537,-2.2494356252283336,-7.005787558049203
2020-01-07,13.79,23.291118894180656,-2.437609727521473,-7.063509166659184
2020-01-14,12.39,23.539787068094352,-3.9582831602121225,-7.191503907882229
2020-01-21,12.85,23.780946561814098,-3.4707055557198188,-7.460241006094279
2020-01-28,16.28,24.014539713269063,-2.524329661831542,-5.210210051437521
2020-02-04,16.05,24.24068975860364,-0.9709560295124815,-7.219733729091157
2020-02-11,15.18,24.459724856156335,-3.2976101757995857,-5.982114680356748
2020-02-18,14.83,24.672195913171365,-3.9937634242827866,-5.848432488888577
2020-02-25,27.85,24.878842057314486,0.5210289260763175,2.4501290166091962
2020-03-03,36.82,25.080561744356874,3.4962892190402375,8.24314903660289
2020-03-10,47.3,25.278287739237797,6.287998740682822,15.733713520079377
2020-03-17,75.91,25.472813559117423,13.521455599437836,36.91573084144474
2020-03-24,61.67,25.664668961034845,9.978474715509465,26.026856323455693
2020-03-31,53.54,25.854006261404486,6.788641017406157,20.897352721189357
2020-04-07,46.7,26.04056566099299,4.26592864645654,16.393505692550477
2020-04-14,37.76,26.223605534482942,0.021837369185659317,11.514557096331394
2020-04-21,45.41,26.402019104082534,3.3036701589016637,15.704310737015795
2020-04-28,33.57,26.574499864887652,2.984400895669065,4.011099239443283
2020-05-05,33.61,26.739693008649276,5.434043009096154,1.4362639822545695
2020-05-12,33.04,26.79020941566195,4.321971534307216,1.927819050030834
2020-05-19,30.53,26.817585221645096,1.3153147882474698,2.397099990107435
2020-05-26,28.01,26.825438231541394,1.304584610704501,-0.12002284224589488
2020-06-02,26.84,26.818284875026702,-0.3841335726687553,0.4058486976420532
2020-06-09,27.57,26.800023274010947,-1.0086318552933975,1.7786085812824517
2020-06-16,33.67,26.773553993018666,2.8951544578289985,4.001291549152338
2020-06-23,31.37,26.740867995122063,1.9870547661261804,2.6420772387517566
2020-06-30,30.43,26.703265548549336,0.4642217495242786,3.2625127019263864
2020-07-07,29.43,26.661572387623803,0.037274236625649826,2.731153375750548
2020-07-14,29.52,26.616304484823026,-0.2810216367640708,3.1847171519410438
2020-07-21,24.84,26.5677832275387,-3.4406412655982295,1.7128580380595295
2020-07-28,25.44,26.516210672133198,-2.558478051411448,1.4822673792782517
2020-08-04,23.76,26.46171898880937,-1.384748268369059,-1.3169707204403096
2020-08-11,24.03,26.40440081847273,-2.0832037950972273,-0.2911970233755028
2020-08-18,21.51,26.344329223779685,-4.590981299088242,-0.24334792469144162
2020-08-25,22.03,26.281566049112538,-3.1737966833619766,-1.0777693657505587
2020-09-01,26.12,26.216166599206137,-0.47802093265995527,0.3818543334538198
2020-09-08,31.46,26.148182584827058,0.6438954619232302,4.667921953249714
2020-09-15,25.59,26.07766050394474,-3.2534522796817145,2.765791775736975
2020-09-22,26.86,26.004637895416998,-1.4325413646398188,2.287903469222819
2020-09-29,26.27,25.9291454788088,-1.068567707656311,1.409422228847511
2020-10-06,29.48,25.851208957704415,2.0329979749336005,1.595793067361985
2020-10-13,26.07,25.77085021959428,-2.4978343930942803,2.7969841735000003
2020-10-20,29.35,25.68808710346291,0.4937848945922587,3.168128001944833
2020-10-27,33.35,25.602932155989787,2.4141939470612495,5.332873896948964
2020-11-03,35.55,25.5153916943285,3.128628832714231,6.90597947295727
2020-11-10,24.8,25.425463577053854,-3.498196111690234,2.8727325346363806
2020-11-17,22.71,25.333136751407608,-4.147396703865111,1.5242599524575056
2020-11-24,21.64,25.238395781867087,-5.941998057044165,2.34360227517708
2020-12-01,20.77,25.141223155661272,-4.592462182890056,0.2212390272287834
2020-12-08,20.68,25.04159938490404,-4.826702133283213,0.46510274837917365
2020-12-15,22.89,24.93950490937774,-3.9555754601390363,1.9060705507612994
2020-12-22,24.23,24.834919961101455,-1.4489167262484048,0.8439967651469509
2020-12-29,23.08,24.727823306352928,-3.604805218700224,1.9569819123472953
2021-01-05,25.34,24.618192724826574,-2.98127172509865,3.7030790002720764
2021-01-12,23.33,24.506003689423153,-5.354372863798133,4.1783691743749785
2021-01-19,23.24,24.391227190774813,-4.690398388960266,3.53917119818545
2021-01-26,23.02,24.273829060385225,-3.972756905963019,2.718927845577795
2021-02-02,25.56,24.153770844775647,-3.7180129910665776,5.1242421462909284
2021-02-09,21.63,24.031010227111274,-6.232749045441398,3.8317388183301233
2021-02-16,21.46,23.905498939539246,-6.37491881113719,3.929419871597947
2021-02-23,23.11,23.777183517827176,-0.10684081289432623,-0.5603427049328502
2021-03-02,24.1,23.6460068045108,4.094223777036487,-3.6402305815472857
2021-03-09,24.03,23.51191394754735,8.09104235036231,-7.572956297909657
2021-03-16,19.79,23.37485833189725,16.690680331117903,-20.275538663015155
2021-03-23,20.3,23.234810876405877,11.51980883096373,-14.454619707369606
2021-03-30,19.61,23.091774648077834,7.654902342060798,-11.136676990138632
2021-04-06,18.12,22.9457800293512,3.8984796079175354,-8.724259637268736
2021-04-13,16.65,22.796877575787455,-0.5301615398237809,-5.616716035963677
2021-04-20,18.46,22.64513252578448,3.887118799582637,-8.072251325367116
