,y_true,y_pred,y_prob
0,1.0,0,0.00048765348
1,1.0,0,0.00048765348
2,1.0,0,0.00048765348
3,1.0,0,0.00048765348
4,1.0,0,0.00048765348
5,1.0,0,0.00048765348
6,1.0,0,0.00048765348
7,1.0,0,0.00048765348
8,1.0,0,0.00048765348
9,1.0,0,0.00048765348
10,1.0,0,0.00048765348
11,1.0,0,0.00048765348
12,1.0,0,0.00048765348
13,1.0,0,0.00048765348
14,1.0,0,0.00055857096
15,1.0,0,0.00055857096
16,1.0,0,0.00055857096
17,1.0,0,0.00055857096
18,1.0,0,0.00055857096
19,1.0,0,0.00055857096
20,1.0,0,0.00055857096
21,1.0,0,0.00055857096
22,1.0,0,0.00055857096
23,1.0,0,0.00055857096
24,1.0,0,0.00055857096
25,1.0,0,0.00055857096
26,1.0,0,0.00055857096
27,1.0,0,0.00055857096
28,1.0,0,0.00055857096
29,1.0,0,0.00055857096
30,1.0,0,0.00055857096
31,1.0,0,0.00055857096
32,1.0,0,0.00055857096
33,1.0,0,0.00055857096
34,1.0,0,0.00055857096
35,1.0,0,0.00055857096
36,1.0,0,0.00055857096
37,1.0,0,0.00055857096
38,1.0,0,0.00055857096
39,1.0,0,0.00055857096
40,1.0,0,0.00055857096
41,0.0,0,0.00055857096
42,0.0,0,0.00055857096
43,0.0,0,0.00055857096
44,0.0,0,0.00055857096
45,0.0,0,0.00055857096
46,0.0,0,0.00055857096
47,0.0,0,0.00055857096
48,0.0,0,0.00055857096
49,0.0,0,0.00055857096
50,0.0,0,0.00055857096
51,0.0,0,0.00055857096
52,0.0,0,0.00055857096
53,0.0,0,0.00055857096
54,0.0,0,0.00055857096
55,0.0,0,0.00055857096
56,0.0,0,0.00055857096
57,0.0,0,0.00048765348
58,0.0,0,0.00048765348
59,0.0,0,0.00048765348
60,0.0,0,0.00048765348
61,0.0,0,0.00048765348
62,0.0,0,0.00048765348
63,0.0,0,0.00048765348
64,0.0,0,0.00048765348
65,0.0,0,0.00048765348
66,0.0,0,0.00048765348
67,0.0,0,0.00048765348
68,0.0,0,0.00048765348
69,0.0,0,0.00048765348
70,0.0,0,0.00048765348
71,0.0,0,0.00048765348
72,0.0,0,0.00048765348
73,0.0,0,0.00048765348
74,0.0,0,0.00048765348
75,0.0,0,0.00048765348
76,0.0,0,0.00048765348
77,0.0,0,0.00048765348
78,0.0,0,0.00048765348
79,0.0,0,0.00048765348
80,0.0,0,0.00048765348
81,0.0,0,0.00048765348
82,0.0,0,0.00048765348
83,0.0,0,0.00048765348
84,0.0,0,0.00048765348
85,0.0,0,0.00048765348
86,0.0,0,0.00048765348
87,0.0,0,0.00048765348
88,0.0,0,0.00048765348
89,0.0,0,0.00048765348
90,0.0,0,0.00048765348
91,0.0,0,0.00048765348
92,0.0,0,0.00048765348
93,0.0,0,0.00048765348
94,0.0,0,0.00048765348
95,0.0,0,0.00048765348
96,0.0,0,0.00048765348
97,0.0,0,0.00055857096
98,0.0,0,0.00055857096
99,0.0,0,0.00055857096
100,0.0,0,0.00055857096
101,0.0,0,0.00055857096
102,0.0,0,0.00055857096
103,0.0,0,0.00055857096
104,0.0,0,0.00055857096
105,0.0,0,0.00055857096
106,0.0,0,0.00055857096
107,0.0,0,0.00055857096
108,0.0,0,0.00055857096
109,0.0,0,0.00055857096
110,0.0,0,0.00055857096
111,0.0,0,0.00055857096
112,0.0,0,0.00055857096
113,0.0,0,0.00055857096
114,0.0,0,0.00055857096
115,0.0,0,0.00055857096
116,0.0,0,0.00055857096
117,0.0,0,0.00055857096
118,0.0,0,0.00055857096
119,0.0,0,0.00055857096
120,0.0,0,0.00055857096
121,0.0,0,0.00055857096
122,0.0,0,0.00055857096
123,0.0,0,0.00055857096
124,0.0,0,0.00048765348
125,0.0,0,0.00048765348
126,0.0,0,0.00048765348
127,0.0,0,0.00048765348
128,0.0,0,0.00048765348
129,0.0,0,0.00048765348
130,0.0,0,0.00048765348
131,0.0,0,0.00048765348
132,0.0,0,0.00048765348
133,0.0,0,0.00048765348
134,0.0,0,0.00048765348
135,0.0,0,0.00048765348
136,0.0,0,0.00055857096
137,0.0,0,0.00055857096
138,0.0,0,0.00055857096
139,0.0,0,0.00055857096
140,0.0,0,0.00055857096
141,0.0,0,0.00055857096
142,0.0,0,0.00055857096
143,0.0,0,0.00055857096
144,0.0,0,0.00055857096
145,0.0,0,0.00055857096
146,0.0,0,0.00055857096
147,0.0,0,0.00055857096
148,0.0,0,0.00055857096
149,0.0,0,0.00055857096
150,0.0,0,0.00055857096
151,0.0,0,0.00055857096
152,0.0,0,0.00055857096
153,0.0,0,0.00055857096
154,0.0,0,0.00055857096
155,0.0,0,0.00055857096
156,0.0,0,0.00055857096
157,0.0,0,0.00048765348
158,0.0,0,0.00048765348
159,0.0,0,0.00048765348
160,0.0,0,0.00048765348
161,0.0,0,0.00048765348
162,0.0,0,0.00048765348
163,0.0,0,0.00048765348
164,0.0,0,0.00048765348
165,0.0,0,0.00048765348
166,0.0,0,0.00048765348
167,0.0,0,0.00048765348
168,0.0,0,0.00048765348
169,0.0,0,0.00048765348
170,0.0,0,0.00048765348
171,0.0,0,0.00048765348
172,0.0,0,0.00048765348
173,0.0,0,0.00048765348
174,0.0,0,0.00048765348
175,0.0,0,0.00048765348
176,0.0,0,0.00048765348
177,0.0,0,0.00048765348
178,0.0,0,0.00048765348
179,0.0,0,0.00048765348
180,0.0,0,0.00048765348
181,0.0,0,0.00048765348
182,0.0,0,0.00048765348
183,0.0,0,0.00055857096
184,0.0,0,0.00055857096
185,0.0,0,0.00055857096
186,0.0,0,0.00055857096
187,0.0,0,0.00055857096
188,0.0,0,0.00055857096
189,0.0,0,0.00055857096
190,0.0,0,0.00055857096
191,0.0,0,0.00055857096
192,0.0,0,0.00055857096
193,0.0,0,0.00055857096
194,0.0,0,0.00055857096
195,0.0,0,0.00055857096
196,0.0,0,0.00055857096
197,0.0,0,0.00055857096
198,0.0,0,0.00055857096
199,0.0,0,0.00055857096
200,0.0,0,0.00055857096
201,0.0,0,0.00055857096
202,0.0,0,0.00055857096
203,0.0,0,0.00055857096
204,0.0,0,0.00055857096
205,0.0,0,0.00055857096
206,0.0,0,0.00055857096
207,0.0,0,0.00048765348
208,0.0,0,0.00048765348
209,0.0,0,0.00048765348
210,0.0,0,0.00048765348
211,0.0,0,0.00048765348
212,0.0,0,0.00048765348
213,0.0,0,0.00048765348
214,0.0,0,0.00048765348
215,0.0,0,0.00048765348
216,0.0,0,0.00048765348
217,0.0,0,0.00048765348
218,0.0,0,0.00048765348
219,0.0,0,0.00048765348
220,0.0,0,0.00048765348
221,0.0,0,0.00048765348
222,0.0,0,0.00048765348
223,0.0,0,0.00048765348
224,0.0,0,0.00048765348
225,0.0,0,0.00048765348
226,0.0,0,0.00048765348
227,0.0,0,0.00048765348
228,0.0,0,0.00048765348
229,0.0,0,0.00048765348
230,0.0,0,0.00048765348
231,0.0,0,0.00048765348
232,0.0,0,0.00048765348
233,0.0,0,0.00048765348
234,0.0,0,0.00048765348
235,0.0,0,0.00048765348
236,0.0,0,0.00048765348
237,0.0,0,0.00055857096
238,0.0,0,0.00055857096
239,0.0,0,0.00055857096
240,0.0,0,0.00055857096
241,0.0,0,0.00055857096
242,0.0,0,0.00055857096
243,0.0,0,0.00055857096
244,0.0,0,0.00055857096
245,0.0,0,0.00055857096
246,0.0,0,0.00055857096
247,0.0,0,0.00055857096
248,0.0,0,0.00055857096
249,0.0,0,0.00055857096
250,0.0,0,0.00055857096
251,0.0,0,0.00055857096
252,0.0,0,0.00055857096
253,0.0,0,0.00055857096
254,0.0,0,0.00055857096
255,0.0,0,0.00055857096
256,0.0,0,0.00055857096
257,0.0,0,0.00055857096
258,0.0,0,0.00055857096
259,0.0,0,0.00055857096
260,0.0,0,0.00055857096
261,0.0,0,0.00055857096
262,0.0,0,0.00055857096
263,0.0,0,0.00055857096
264,0.0,0,0.00055857096
265,0.0,0,0.00055857096
266,0.0,0,0.00055857096
267,0.0,0,0.00055857096
268,0.0,0,0.00055857096
269,0.0,0,0.00055857096
270,0.0,0,0.00055857096
271,0.0,0,0.00055857096
272,0.0,0,0.00055857096
273,0.0,0,0.00055857096
274,0.0,0,0.00055857096
275,0.0,0,0.00055857096
276,0.0,0,0.00055857096
277,0.0,0,0.00055857096
278,0.0,0,0.00055857096
279,0.0,0,0.00055857096
280,0.0,0,0.00055857096
281,0.0,0,0.00055857096
282,0.0,0,0.00055857096
283,0.0,0,0.00055857096
284,0.0,0,0.00055857096
285,0.0,0,0.00055857096
286,0.0,0,0.00055857096
287,0.0,0,0.00055857096
288,0.0,0,0.00055857096
289,0.0,0,0.00055857096
290,0.0,0,0.00055857096
291,0.0,0,0.00055857096
292,0.0,0,0.00055857096
293,0.0,0,0.00055857096
294,0.0,0,0.00055857096
295,0.0,0,0.00055857096
296,0.0,0,0.00055857096
297,0.0,0,0.00055857096
298,0.0,0,0.00055857096
299,0.0,0,0.00048765348
300,0.0,0,0.00048765348
301,0.0,0,0.00048765348
302,0.0,0,0.00048765348
303,0.0,0,0.00048765348
304,0.0,0,0.00048765348
305,0.0,0,0.00048765348
306,0.0,0,0.00055857096
307,0.0,0,0.00055857096
308,0.0,0,0.00055857096
309,0.0,0,0.00055857096
310,0.0,0,0.00055857096
311,0.0,0,0.00055857096
312,0.0,0,0.00055857096
313,0.0,0,0.00055857096
314,0.0,0,0.00055857096
315,0.0,0,0.00055857096
316,0.0,0,0.00055857096
317,0.0,0,0.00055857096
318,0.0,0,0.00055857096
319,0.0,0,0.00055857096
320,0.0,0,0.00055857096
321,0.0,0,0.00055857096
322,0.0,0,0.00055857096
323,0.0,0,0.00055857096
324,0.0,0,0.00055857096
325,0.0,0,0.00055857096
326,0.0,0,0.00055857096
327,0.0,0,0.00055857096
328,0.0,0,0.00055857096
329,0.0,0,0.00055857096
330,0.0,0,0.00055857096
331,0.0,0,0.00055857096
332,0.0,0,0.00055857096
333,0.0,0,0.00055857096
334,0.0,0,0.00055857096
335,0.0,0,0.00055857096
336,0.0,0,0.00055857096
337,0.0,0,0.00055857096
338,0.0,0,0.00055857096
339,0.0,0,0.00055857096
340,0.0,0,0.00055857096
341,0.0,0,0.00055857096
342,0.0,0,0.00055857096
343,0.0,0,0.00055857096
344,0.0,0,0.00055857096
345,0.0,0,0.00055857096
346,0.0,0,0.00055857096
347,0.0,0,0.00055857096
348,0.0,0,0.00055857096
349,0.0,0,0.00055857096
350,0.0,0,0.00055857096
351,0.0,0,0.00055857096
352,0.0,0,0.00055857096
353,0.0,0,0.00055857096
354,0.0,0,0.00055857096
355,0.0,0,0.00055857096
356,0.0,0,0.00055857096
357,0.0,0,0.00055857096
358,0.0,0,0.00055857096
359,0.0,0,0.00055857096
360,0.0,0,0.00055857096
361,0.0,0,0.00055857096
362,0.0,0,0.00055857096
363,0.0,0,0.00055857096
364,0.0,0,0.00055857096
365,0.0,0,0.00055857096
366,0.0,0,0.00055857096
367,0.0,0,0.00055857096
368,0.0,0,0.00055857096
369,0.0,0,0.00055857096
370,0.0,0,0.00055857096
371,0.0,0,0.00055857096
372,0.0,0,0.00055857096
373,0.0,0,0.00055857096
374,0.0,0,0.00055857096
375,0.0,0,0.00055857096
376,0.0,0,0.00055857096
377,0.0,0,0.00055857096
378,0.0,0,0.00055857096
379,0.0,0,0.00055857096
380,0.0,0,0.00055857096
381,0.0,0,0.0013221892
382,0.0,0,0.00089364947
383,0.0,0,0.0005319486
384,0.0,0,0.0005063489
385,0.0,0,0.0005063489
386,0.0,0,0.0005063489
387,0.0,0,0.0004841974
388,0.0,0,0.0004841974
389,0.0,0,0.00048212422
390,0.0,0,0.0005712947
391,0.0,0,0.00041626766
392,0.0,0,0.00042748428
393,0.0,0,0.000505478
394,0.0,0,0.00066328724
395,0.0,0,0.0014746273
396,0.0,0,0.0013264221
397,0.0,0,0.0011430058
398,0.0,0,0.0004710435
399,0.0,0,0.0005084128
400,0.0,0,0.00044197612
401,0.0,0,0.00044197612
402,0.0,0,0.00044197612
403,0.0,0,0.00044197612
404,0.0,0,0.00044197612
405,0.0,0,0.00044387678
406,0.0,0,0.00044387678
407,0.0,0,0.00046418453
408,0.0,0,0.00046418453
409,0.0,0,0.00046418453
410,0.0,0,0.00046418453
411,0.0,0,0.00046418453
412,0.0,0,0.00046418453
413,0.0,0,0.0005316908
414,0.0,0,0.0005316908
415,0.0,0,0.0005316908
416,0.0,0,0.0005316908
417,0.0,0,0.0005316908
418,0.0,0,0.0005316908
419,0.0,0,0.0005316908
420,0.0,0,0.0005316908
421,0.0,0,0.0005316908
422,0.0,0,0.0005316908
423,0.0,0,0.0005316908
424,0.0,0,0.0005316908
425,0.0,0,0.0005307184
426,0.0,0,0.0004633355
427,0.0,0,0.0004633355
428,0.0,0,0.0004633355
429,0.0,0,0.0004633355
430,0.0,0,0.0004633355
431,0.0,0,0.00044306493
432,0.0,0,0.00076664373
433,0.0,0,0.00091606664
434,0.0,0,0.0020769008
435,0.0,0,0.0016772625
436,0.0,0,0.0016772625
437,0.0,0,0.0015102345
438,0.0,0,0.0014454026
439,0.0,0,0.0013734618
440,0.0,0,0.0008818406
441,0.0,0,0.00047018196
442,0.0,0,0.00047018196
443,0.0,0,0.00047018196
444,0.0,0,0.00044116777
445,0.0,0,0.00044116777
446,0.0,0,0.00044116777
447,0.0,0,0.00044116777
448,0.0,0,0.00044116777
449,0.0,0,0.00044116777
450,0.0,0,0.00044306493
451,0.0,0,0.0004633355
452,0.0,0,0.0004633355
453,0.0,0,0.0004633355
454,0.0,0,0.0004633355
455,0.0,0,0.0004633355
456,0.0,0,0.0004633355
457,0.0,0,0.0004633355
458,0.0,0,0.0004633355
459,0.0,0,0.0004633355
460,0.0,0,0.0004633355
461,0.0,0,0.0004633355
462,0.0,0,0.0004633355
463,0.0,0,0.0004633355
464,0.0,0,0.0004633355
465,0.0,0,0.0005307184
466,0.0,0,0.0005575495
467,0.0,0,0.0005575495
468,0.0,0,0.0005575495
469,0.0,0,0.0005575495
470,0.0,0,0.0005575495
471,0.0,0,0.0005575495
472,0.0,0,0.0005575495
473,0.0,0,0.0004867616
474,0.0,0,0.0004867616
475,0.0,0,0.0004867616
476,0.0,0,0.0004867616
477,0.0,0,0.0004867616
478,0.0,0,0.0004867616
479,0.0,0,0.0004867616
480,0.0,0,0.0004867616
481,0.0,0,0.0004867616
482,0.0,0,0.0004867616
483,0.0,0,0.0004867616
484,0.0,0,0.0004867616
485,0.0,0,0.0005575495
486,0.0,0,0.0005575495
487,0.0,0,0.0005575495
488,0.0,0,0.0005575495
489,0.0,0,0.0005575495
490,0.0,0,0.0005575495
491,0.0,0,0.0005575495
492,0.0,0,0.0005575495
493,0.0,0,0.0005575495
494,0.0,0,0.0005575495
495,0.0,0,0.0005575495
496,0.0,0,0.0005575495
497,0.0,0,0.0005575495
498,0.0,0,0.0005575495
499,0.0,0,0.0005575495
500,0.0,0,0.0005575495
501,0.0,0,0.0005575495
502,0.0,0,0.0005575495
503,0.0,0,0.0005575495
504,0.0,0,0.0005575495
505,0.0,0,0.0005575495
506,0.0,0,0.0005575495
507,0.0,0,0.0005575495
508,0.0,0,0.0005575495
509,0.0,0,0.0005575495
510,0.0,0,0.0005575495
511,0.0,0,0.0005575495
512,0.0,0,0.0005575495
513,0.0,0,0.0005575495
514,0.0,0,0.0005575495
515,0.0,0,0.0005575495
516,0.0,0,0.0005575495
517,0.0,0,0.0005575495
518,0.0,0,0.0005575495
519,0.0,0,0.0005575495
520,0.0,0,0.0005575495
521,0.0,0,0.0005575495
522,0.0,0,0.0005575495
523,0.0,0,0.0005575495
524,0.0,0,0.0005575495
525,0.0,0,0.0005575495
526,0.0,0,0.0004867616
527,0.0,0,0.0004867616
528,0.0,0,0.0004867616
529,0.0,0,0.0004867616
530,0.0,0,0.00048765348
531,0.0,0,0.00048765348
532,0.0,0,0.00048765348
533,0.0,0,0.00048765348
534,0.0,0,0.00048765348
535,0.0,0,0.00048765348
536,0.0,0,0.00048765348
537,0.0,0,0.00048765348
538,0.0,0,0.00048765348
539,0.0,0,0.00048765348
540,0.0,0,0.00048765348
541,0.0,0,0.00048765348
542,0.0,0,0.00048765348
543,0.0,0,0.00048765348
544,0.0,0,0.00055857096
545,0.0,0,0.00055857096
546,0.0,0,0.00055857096
547,0.0,0,0.00055857096
548,0.0,0,0.00055857096
549,0.0,0,0.00055857096
550,0.0,0,0.00055857096
551,0.0,0,0.00055857096
552,0.0,0,0.00055857096
553,0.0,0,0.00055857096
554,0.0,0,0.00055857096
555,0.0,0,0.00055857096
556,0.0,0,0.00055857096
557,0.0,0,0.00055857096
558,0.0,0,0.00055857096
559,0.0,0,0.00055857096
560,0.0,0,0.00055857096
561,0.0,0,0.00055857096
562,0.0,0,0.00055857096
563,0.0,0,0.00055857096
564,0.0,0,0.00055857096
565,0.0,0,0.00055857096
566,0.0,0,0.00055857096
567,0.0,0,0.00055857096
568,0.0,0,0.00055857096
569,0.0,0,0.00055857096
570,0.0,0,0.00055857096
571,0.0,0,0.00055857096
572,0.0,0,0.00055857096
573,0.0,0,0.00055857096
574,0.0,0,0.00048765348
575,0.0,0,0.00055857096
576,0.0,0,0.00055857096
577,0.0,0,0.00055857096
578,0.0,0,0.00055857096
579,0.0,0,0.00055857096
580,0.0,0,0.00055857096
581,0.0,0,0.00055857096
582,0.0,0,0.00055857096
583,0.0,0,0.00055857096
584,0.0,0,0.00055857096
585,0.0,0,0.00055857096
586,0.0,0,0.00055857096
587,0.0,0,0.00055857096
588,0.0,0,0.00055857096
589,0.0,0,0.00055857096
590,0.0,0,0.00055857096
591,0.0,0,0.00055857096
592,0.0,0,0.00055857096
593,0.0,0,0.00055857096
594,0.0,0,0.00055857096
595,0.0,0,0.00055857096
596,0.0,0,0.00055857096
597,0.0,0,0.00055857096
598,0.0,0,0.00055857096
599,0.0,0,0.00055857096
600,0.0,0,0.00055857096
601,0.0,0,0.00055857096
602,0.0,0,0.00055857096
603,0.0,0,0.00055857096
604,0.0,0,0.00055857096
605,0.0,0,0.00055857096
606,0.0,0,0.00055857096
607,0.0,0,0.00055857096
608,0.0,0,0.00055857096
609,0.0,0,0.00055857096
610,0.0,0,0.00055857096
611,0.0,0,0.00055857096
612,0.0,0,0.00048765348
613,0.0,0,0.00048765348
614,0.0,0,0.00048765348
615,0.0,0,0.00048765348
616,0.0,0,0.00048765348
617,0.0,0,0.00048765348
618,0.0,0,0.00048765348
619,0.0,0,0.00048765348
620,0.0,0,0.00048765348
621,0.0,0,0.00048765348
622,0.0,0,0.00048765348
623,0.0,0,0.00048765348
624,0.0,0,0.00048765348
625,0.0,0,0.00048765348
626,0.0,0,0.00048765348
627,0.0,0,0.00048765348
628,0.0,0,0.00048765348
629,0.0,0,0.00048765348
630,0.0,0,0.00048765348
631,0.0,0,0.00048765348
632,0.0,0,0.00048765348
633,0.0,0,0.00048765348
634,0.0,0,0.00048765348
635,0.0,0,0.0006656122
636,0.0,0,0.00046546655
637,0.0,0,0.00046347355
638,0.0,0,0.00046347355
639,0.0,0,0.000493954
640,0.0,0,0.0007643106
641,0.0,0,0.0009983915
642,0.0,0,0.0009983915
643,0.0,0,0.0009983915
644,0.0,0,0.0009983915
645,0.0,0,0.0009983915
646,0.0,0,0.0034718087
647,0.0,0,0.0027130921
648,0.0,0,0.0031476635
649,0.0,0,0.0031476635
650,0.0,0,0.0031476635
651,0.0,0,0.002731137
652,0.0,0,0.0042377803
653,0.0,0,0.003110985
654,0.0,0,0.0026814637
655,0.0,0,0.0021312574
656,0.0,0,0.0009983915
657,0.0,0,0.0009983915
658,0.0,0,0.0007643106
659,0.0,0,0.000493954
660,0.0,0,0.00046347355
661,0.0,0,0.00046347355
662,0.0,0,0.00046347355
663,0.0,0,0.00046347355
664,0.0,0,0.00046347355
665,0.0,0,0.00046347355
666,0.0,0,0.00046347355
667,0.0,0,0.00046347355
668,0.0,0,0.00046347355
669,0.0,0,0.0009899744
670,0.0,0,0.0012459144
671,0.0,0,0.0014458203
672,0.0,0,0.0014458203
673,0.0,0,0.0013549036
674,0.0,0,0.0011889781
675,0.0,0,0.0004867616
676,0.0,0,0.0004867616
677,0.0,0,0.0004867616
678,0.0,0,0.0004867616
679,0.0,0,0.0004867616
680,0.0,0,0.0004867616
681,0.0,0,0.0004867616
682,0.0,0,0.0004867616
683,0.0,0,0.0004867616
684,0.0,0,0.0004867616
685,0.0,0,0.0004867616
686,0.0,0,0.0004867616
687,0.0,0,0.0004867616
688,0.0,0,0.0004867616
689,0.0,0,0.0004633355
690,0.0,0,0.000779039
691,0.0,0,0.0008465278
692,0.0,0,0.0008908928
693,0.0,0,0.0008908928
694,0.0,0,0.0010294705
695,0.0,0,0.0010294705
696,0.0,0,0.0008929907
697,0.0,0,0.00047913162
698,0.0,0,0.0004317494
699,0.0,0,0.00036512763
700,0.0,0,0.0003555464
701,0.0,0,0.0006629526
702,0.0,0,0.0006629526
703,0.0,0,0.0006629526
704,0.0,0,0.00053590717
705,0.0,0,0.00053590717
706,0.0,0,0.00053590717
707,0.0,0,0.00053590717
708,0.0,0,0.00053590717
709,0.0,0,0.00053590717
710,0.0,0,0.00053590717
711,0.0,0,0.00053590717
712,0.0,0,0.00053590717
713,0.0,0,0.00053590717
714,0.0,0,0.00053590717
715,0.0,0,0.00053590717
716,0.0,0,0.0007854477
717,0.0,0,0.0013462226
718,0.0,0,0.0011197579
719,0.0,0,0.0006114207
720,0.0,0,0.00044306493
721,0.0,0,0.0004633355
722,0.0,0,0.0004633355
723,0.0,0,0.0004633355
724,0.0,0,0.0004633355
725,0.0,0,0.0004633355
726,0.0,0,0.0005307184
727,0.0,0,0.0005307184
728,0.0,0,0.0005307184
729,0.0,0,0.0005307184
730,0.0,0,0.0005307184
731,0.0,0,0.0005307184
732,0.0,0,0.0005307184
733,0.0,0,0.0005307184
734,0.0,0,0.0005307184
735,0.0,0,0.0005307184
736,0.0,0,0.0005307184
737,0.0,0,0.0005307184
738,0.0,0,0.0005307184
739,0.0,0,0.0005307184
740,0.0,0,0.0005307184
741,0.0,0,0.0005307184
742,0.0,0,0.0005307184
743,0.0,0,0.0005307184
744,0.0,0,0.0005307184
745,0.0,0,0.0005307184
746,0.0,0,0.0005307184
747,0.0,0,0.0005307184
748,0.0,0,0.0005307184
749,0.0,0,0.0005307184
750,0.0,0,0.0005307184
751,0.0,0,0.0005307184
752,0.0,0,0.0005307184
753,0.0,0,0.0005575495
754,0.0,0,0.0005575495
755,0.0,0,0.0005575495
756,0.0,0,0.0005575495
757,0.0,0,0.0005575495
758,0.0,0,0.0005575495
759,0.0,0,0.0005575495
760,0.0,0,0.0005575495
761,0.0,0,0.0005575495
762,0.0,0,0.0005575495
763,0.0,0,0.0005575495
764,0.0,0,0.0005575495
765,0.0,0,0.0005575495
766,0.0,0,0.0005575495
767,0.0,0,0.0005575495
768,0.0,0,0.0005575495
769,0.0,0,0.00055857096
770,0.0,0,0.00055857096
771,0.0,0,0.00055857096
772,0.0,0,0.00055857096
773,0.0,0,0.00055857096
774,0.0,0,0.0006758796
775,0.0,0,0.0005575495
776,0.0,0,0.0005575495
777,0.0,0,0.0005575495
778,0.0,0,0.0005575495
779,0.0,0,0.0005575495
780,0.0,0,0.0005575495
781,0.0,0,0.0005575495
782,0.0,0,0.0005575495
783,0.0,0,0.0005575495
784,0.0,0,0.0005575495
785,0.0,0,0.0005575495
786,0.0,0,0.0006758796
787,0.0,0,0.00055857096
788,0.0,0,0.00055857096
789,0.0,0,0.00055857096
790,0.0,0,0.00055857096
791,0.0,0,0.00055857096
792,0.0,0,0.00055857096
793,0.0,0,0.00055857096
794,0.0,0,0.00055857096
795,0.0,0,0.00055857096
796,0.0,0,0.00055857096
797,0.0,0,0.00048765348
798,0.0,0,0.00048765348
799,0.0,0,0.00055857096
800,0.0,0,0.00055857096
801,0.0,0,0.00055857096
802,0.0,0,0.00055857096
803,0.0,0,0.00055857096
804,0.0,0,0.00055857096
805,0.0,0,0.00055857096
806,0.0,0,0.00055857096
807,0.0,0,0.00055857096
808,0.0,0,0.00055857096
809,0.0,0,0.00055857096
810,0.0,0,0.00055857096
811,0.0,0,0.00055857096
812,0.0,0,0.00055857096
813,0.0,0,0.00055857096
814,0.0,0,0.00055857096
815,0.0,0,0.00055857096
816,0.0,0,0.00055857096
817,0.0,0,0.00055857096
818,0.0,0,0.00055857096
819,0.0,0,0.00055857096
820,0.0,0,0.00055857096
821,0.0,0,0.00055857096
822,0.0,0,0.00055857096
823,0.0,0,0.00055857096
824,0.0,0,0.00055857096
825,0.0,0,0.00055857096
826,0.0,0,0.00055857096
827,0.0,0,0.00055857096
828,0.0,0,0.00055857096
829,0.0,0,0.00055857096
830,0.0,0,0.00055857096
831,0.0,0,0.00055857096
832,0.0,0,0.00055857096
833,0.0,0,0.00055857096
834,0.0,0,0.00055857096
835,0.0,0,0.00055857096
836,0.0,0,0.00055857096
837,0.0,0,0.00055857096
838,0.0,0,0.00048765348
839,0.0,0,0.00048765348
840,0.0,0,0.00048765348
841,0.0,0,0.00048765348
842,0.0,0,0.00048765348
843,0.0,0,0.00048765348
844,0.0,0,0.00048765348
845,0.0,0,0.00048765348
846,0.0,0,0.00048765348
847,0.0,0,0.00048765348
848,0.0,0,0.00048765348
849,0.0,0,0.00048765348
850,0.0,0,0.00048765348
851,0.0,0,0.00048765348
852,0.0,0,0.00048765348
853,0.0,0,0.00048765348
854,0.0,0,0.00048765348
855,0.0,0,0.00046631947
856,0.0,0,0.00046631947
857,0.0,0,0.0004643228
858,0.0,0,0.0004643228
859,0.0,0,0.000493954
860,0.0,0,0.0007643106
861,0.0,0,0.0009983915
862,0.0,0,0.0007643106
863,0.0,0,0.0005331399
864,0.0,0,0.00046347355
865,0.0,0,0.00046347355
866,0.0,0,0.00046347355
867,0.0,0,0.00046347355
868,0.0,0,0.00046546655
869,0.0,0,0.0004867616
870,0.0,0,0.0004867616
871,0.0,0,0.0004867616
872,0.0,0,0.0004867616
873,0.0,0,0.0004867616
874,0.0,0,0.00055857096
875,0.0,0,0.00055857096
876,0.0,0,0.00055857096
877,0.0,0,0.00055857096
878,0.0,0,0.00055857096
879,0.0,0,0.00055857096
880,0.0,0,0.00055857096
881,0.0,0,0.00055857096
882,0.0,0,0.00055857096
883,0.0,0,0.00055857096
884,0.0,0,0.00055857096
885,0.0,0,0.00055857096
886,0.0,0,0.00055857096
887,0.0,0,0.00055857096
888,0.0,0,0.00055857096
889,0.0,0,0.00055857096
890,0.0,0,0.00055857096
891,0.0,0,0.00055857096
892,0.0,0,0.00055857096
893,0.0,0,0.00055857096
894,0.0,0,0.00055857096
895,0.0,0,0.00055857096
896,0.0,0,0.00055857096
897,0.0,0,0.00055857096
898,0.0,0,0.00055857096
899,0.0,0,0.00055857096
900,0.0,0,0.00055857096
901,0.0,0,0.00055857096
902,0.0,0,0.00055857096
903,0.0,0,0.00055857096
904,0.0,0,0.00055857096
905,0.0,0,0.00055857096
906,0.0,0,0.00055857096
907,0.0,0,0.00055857096
908,0.0,0,0.00055857096
909,0.0,0,0.00055857096
910,0.0,0,0.00055857096
911,0.0,0,0.00055857096
912,0.0,0,0.00055857096
913,0.0,0,0.00055857096
914,0.0,0,0.00055857096
915,0.0,0,0.00055857096
916,0.0,0,0.00055857096
917,0.0,0,0.00055857096
918,0.0,0,0.00055857096
919,0.0,0,0.00055857096
920,0.0,0,0.00055857096
921,0.0,0,0.00055857096
922,0.0,0,0.00055857096
923,0.0,0,0.00055857096
924,0.0,0,0.00055857096
925,0.0,0,0.0004867616
926,0.0,0,0.0004867616
927,0.0,0,0.0004867616
928,0.0,0,0.0004867616
929,0.0,0,0.0004867616
930,0.0,0,0.00046546655
931,0.0,0,0.00046347355
932,0.0,0,0.00046347355
933,0.0,0,0.00046347355
934,0.0,0,0.00046546655
935,0.0,0,0.00046546655
936,0.0,0,0.00046546655
937,0.0,0,0.00046546655
938,0.0,0,0.00046546655
939,0.0,0,0.00046546655
940,0.0,0,0.00046546655
941,0.0,0,0.00046546655
942,0.0,0,0.00046347355
943,0.0,0,0.00046347355
944,0.0,0,0.00046347355
945,0.0,0,0.00046347355
946,0.0,0,0.00046347355
947,0.0,0,0.00046347355
948,0.0,0,0.000493954
949,0.0,0,0.0005331399
950,0.0,0,0.0007643106
951,0.0,0,0.00094662776
952,0.0,0,0.0009983915
953,0.0,0,0.00046347355
954,0.0,0,0.00046347355
955,0.0,0,0.0004867616
956,0.0,0,0.0004867616
957,0.0,0,0.0004867616
958,0.0,0,0.00048765348
959,0.0,0,0.00048765348
960,0.0,0,0.00048765348
961,0.0,0,0.00048765348
962,0.0,0,0.00055857096
963,0.0,0,0.00055857096
964,0.0,0,0.00055857096
965,0.0,0,0.00055857096
966,0.0,0,0.00055857096
967,0.0,0,0.00055857096
968,0.0,0,0.00055857096
969,0.0,0,0.00055857096
970,0.0,0,0.00055857096
971,0.0,0,0.00055857096
972,0.0,0,0.00055857096
973,0.0,0,0.00055857096
974,0.0,0,0.00055857096
975,0.0,0,0.00055857096
976,0.0,0,0.00055857096
977,0.0,0,0.0005575495
978,0.0,0,0.0005575495
979,0.0,0,0.0005575495
980,0.0,0,0.0005575495
981,0.0,0,0.0005575495
982,0.0,0,0.0005575495
983,0.0,0,0.0005575495
984,0.0,0,0.0005575495
985,0.0,0,0.0005575495
986,0.0,0,0.0005575495
987,0.0,0,0.0005575495
988,0.0,0,0.0004867616
989,0.0,0,0.0004867616
990,0.0,0,0.0004867616
991,0.0,0,0.0004867616
992,0.0,0,0.0004867616
993,0.0,0,0.0004867616
994,0.0,0,0.00046546655
995,0.0,0,0.00046546655
996,0.0,0,0.0004867616
997,0.0,0,0.0004633355
998,0.0,0,0.0004633355
999,0.0,0,0.0004633355
1000,0.0,0,0.0004633355
1001,0.0,0,0.0004633355
1002,0.0,0,0.0004633355
1003,0.0,0,0.0004633355
1004,0.0,0,0.0004633355
1005,0.0,0,0.0004633355
1006,0.0,0,0.0004633355
1007,0.0,0,0.0004633355
1008,0.0,0,0.0004633355
1009,0.0,0,0.0005307184
1010,0.0,0,0.0005575495
1011,0.0,0,0.0005575495
1012,0.0,0,0.0005575495
1013,0.0,0,0.0005575495
1014,0.0,0,0.0005575495
1015,0.0,0,0.0005575495
1016,0.0,0,0.0005575495
1017,0.0,0,0.0005575495
1018,0.0,0,0.0005575495
1019,0.0,0,0.0005575495
1020,0.0,0,0.0005575495
1021,0.0,0,0.0005575495
1022,0.0,0,0.0005575495
1023,0.0,0,0.0005575495
1024,0.0,0,0.00055857096
1025,0.0,0,0.00055857096
1026,0.0,0,0.00055857096
1027,0.0,0,0.00055857096
1028,0.0,0,0.00055857096
1029,0.0,0,0.00055857096
1030,0.0,0,0.00055857096
1031,0.0,0,0.00055857096
1032,0.0,0,0.00055857096
1033,0.0,0,0.00055857096
1034,0.0,0,0.00055857096
1035,0.0,0,0.00055857096
1036,0.0,0,0.00055857096
1037,0.0,0,0.00055857096
1038,0.0,0,0.00055857096
1039,0.0,0,0.00055857096
1040,0.0,0,0.00055857096
1041,0.0,0,0.00055857096
1042,0.0,0,0.00055857096
1043,0.0,0,0.00055857096
1044,0.0,0,0.00055857096
1045,0.0,0,0.00055857096
1046,0.0,0,0.00055857096
1047,0.0,0,0.00055857096
1048,0.0,0,0.00055857096
1049,0.0,0,0.00055857096
1050,0.0,0,0.00048765348
1051,0.0,0,0.00048765348
1052,0.0,0,0.00048765348
1053,0.0,0,0.00048765348
1054,0.0,0,0.00055857096
1055,0.0,0,0.00055857096
1056,0.0,0,0.00055857096
1057,0.0,0,0.00055857096
1058,0.0,0,0.00055857096
1059,0.0,0,0.00055857096
1060,0.0,0,0.00055857096
1061,0.0,0,0.00055857096
1062,0.0,0,0.00055857096
1063,0.0,0,0.00055857096
1064,0.0,0,0.00055857096
1065,0.0,0,0.00055857096
1066,0.0,0,0.00055857096
1067,0.0,0,0.00055857096
1068,0.0,0,0.00055857096
1069,0.0,0,0.00055857096
1070,0.0,0,0.00055857096
1071,0.0,0,0.00055857096
1072,0.0,0,0.00055857096
1073,0.0,0,0.00055857096
1074,0.0,0,0.00055857096
1075,0.0,0,0.00055857096
1076,0.0,0,0.00055857096
1077,0.0,0,0.00055857096
1078,0.0,0,0.00055857096
1079,0.0,0,0.00055857096
1080,0.0,0,0.00055857096
1081,0.0,0,0.00055857096
1082,0.0,0,0.00055857096
1083,0.0,0,0.00055857096
1084,0.0,0,0.00055857096
1085,0.0,0,0.00055857096
1086,0.0,0,0.00055857096
1087,0.0,0,0.00055857096
1088,0.0,0,0.00055857096
1089,0.0,0,0.00055857096
1090,0.0,0,0.00055857096
1091,0.0,0,0.00055857096
1092,0.0,0,0.00055857096
1093,0.0,0,0.00055857096
1094,0.0,0,0.00055857096
1095,0.0,0,0.00055857096
1096,0.0,0,0.00055857096
1097,0.0,0,0.00055857096
1098,0.0,0,0.00055857096
1099,0.0,0,0.00055857096
1100,0.0,0,0.00055857096
1101,0.0,0,0.00055857096
1102,0.0,0,0.00055857096
1103,0.0,0,0.00055857096
1104,0.0,0,0.00055857096
1105,0.0,0,0.00055857096
1106,0.0,0,0.00055857096
1107,0.0,0,0.00055857096
1108,0.0,0,0.00055857096
1109,0.0,0,0.00055857096
1110,0.0,0,0.00055857096
1111,0.0,0,0.00055857096
1112,0.0,0,0.00055857096
1113,0.0,0,0.00055857096
1114,0.0,0,0.00055857096
1115,0.0,0,0.00055857096
1116,0.0,0,0.00055857096
1117,0.0,0,0.00055857096
1118,0.0,0,0.00055857096
1119,0.0,0,0.00055857096
1120,0.0,0,0.00055857096
1121,0.0,0,0.00055857096
1122,0.0,0,0.00055857096
1123,0.0,0,0.00055857096
1124,0.0,0,0.00055857096
1125,0.0,0,0.00055857096
1126,0.0,0,0.00055857096
1127,0.0,0,0.00055857096
1128,0.0,0,0.00048765348
1129,0.0,0,0.00048765348
1130,0.0,0,0.00048765348
1131,0.0,0,0.0018404295
1132,0.0,0,0.00052824646
1133,0.0,0,0.0003555464
1134,0.0,0,0.00041021494
1135,0.0,0,0.00053590717
1136,0.0,0,0.00053590717
1137,0.0,0,0.00053590717
1138,0.0,0,0.00053590717
1139,0.0,0,0.00053590717
1140,0.0,0,0.00053590717
1141,0.0,0,0.00053590717
1142,0.0,0,0.00053590717
1143,0.0,0,0.00053590717
1144,0.0,0,0.00053590717
1145,0.0,0,0.00053590717
1146,0.0,0,0.00053590717
1147,0.0,0,0.00053590717
1148,0.0,0,0.00053590717
1149,0.0,0,0.00053590717
1150,0.0,0,0.00053590717
1151,0.0,0,0.00053590717
1152,0.0,0,0.00053590717
1153,0.0,0,0.0005346577
1154,0.0,0,0.0005346577
1155,0.0,0,0.0005346577
1156,0.0,0,0.0005346577
1157,0.0,0,0.0005346577
1158,0.0,0,0.0005346577
1159,0.0,0,0.0005346577
1160,0.0,0,0.0005346577
1161,0.0,0,0.0005346577
1162,0.0,0,0.0005346577
1163,0.0,0,0.0005346577
1164,0.0,0,0.0005346577
1165,0.0,0,0.0005346577
1166,0.0,0,0.0005346577
1167,0.0,0,0.0005346577
1168,0.0,0,0.0005346577
1169,0.0,0,0.0005346577
1170,0.0,0,0.0005346577
1171,0.0,0,0.0005346577
1172,0.0,0,0.0005346577
1173,0.0,0,0.0005346577
1174,0.0,0,0.0005346577
1175,0.0,0,0.0005346577
1176,0.0,0,0.0005346577
1177,0.0,0,0.0005346577
1178,0.0,0,0.00031465778
1179,0.0,0,0.00031465778
1180,0.0,0,0.0003604261
1181,0.0,0,0.0003604261
1182,0.0,0,0.0003604261
1183,0.0,0,0.0003604261
1184,0.0,0,0.0003604261
1185,0.0,0,0.0003604261
1186,0.0,0,0.0003604261
1187,0.0,0,0.0003604261
1188,0.0,0,0.0003604261
1189,0.0,0,0.0003604261
1190,0.0,0,0.0003604261
1191,0.0,0,0.0003604261
1192,0.0,0,0.0003604261
1193,0.0,0,0.0003604261
1194,0.0,0,0.0003604261
1195,0.0,0,0.0003604261
1196,0.0,0,0.0003604261
1197,0.0,0,0.0003604261
1198,0.0,0,0.0003604261
1199,0.0,0,0.0003604261
1200,0.0,0,0.0003604261
1201,0.0,0,0.0003604261
1202,0.0,0,0.0003604261
1203,0.0,0,0.0003604261
1204,0.0,0,0.0003604261
1205,0.0,0,0.0003604261
1206,0.0,0,0.0003604261
1207,0.0,0,0.0003604261
1208,0.0,0,0.0003604261
1209,0.0,0,0.0003604261
1210,0.0,0,0.0003604261
1211,0.0,0,0.0003604261
1212,0.0,0,0.0003604261
1213,0.0,0,0.0003604261
1214,0.0,0,0.0003604261
1215,0.0,0,0.0003604261
1216,0.0,0,0.0003604261
1217,0.0,0,0.0003604261
1218,0.0,0,0.0003604261
1219,0.0,0,0.0003604261
1220,0.0,0,0.0003604261
1221,0.0,0,0.0003604261
1222,0.0,0,0.0003604261
1223,0.0,0,0.0003604261
1224,0.0,0,0.0003604261
1225,0.0,0,0.0003604261
1226,0.0,0,0.0003604261
1227,0.0,0,0.0003604261
1228,0.0,0,0.0003604261
1229,0.0,0,0.0003604261
1230,0.0,0,0.0003604261
1231,0.0,0,0.0003604261
1232,0.0,0,0.0003604261
1233,0.0,0,0.0003604261
1234,0.0,0,0.0003604261
1235,0.0,0,0.0003604261
1236,0.0,0,0.0003604261
1237,0.0,0,0.0003604261
1238,0.0,0,0.0003604261
1239,0.0,0,0.0003604261
1240,0.0,0,0.0003604261
1241,0.0,0,0.0003604261
1242,0.0,0,0.0003604261
1243,0.0,0,0.0003604261
1244,0.0,0,0.00036108677
1245,0.0,0,0.00036108677
1246,0.0,0,0.00036108677
1247,0.0,0,0.00036108677
1248,0.0,0,0.00036108677
1249,0.0,0,0.00036108677
1250,0.0,0,0.00036108677
1251,0.0,0,0.00036108677
1252,0.0,0,0.00036108677
1253,0.0,0,0.00036108677
1254,0.0,0,0.00036108677
1255,0.0,0,0.00036108677
1256,0.0,0,0.00036108677
1257,0.0,0,0.00036108677
1258,0.0,0,0.00036108677
1259,0.0,0,0.00036108677
1260,0.0,0,0.00031523427
1261,0.0,0,0.00031523427
1262,0.0,0,0.00031523427
1263,0.0,0,0.00031523427
1264,0.0,0,0.00031523427
1265,0.0,0,0.00031523427
1266,0.0,0,0.00031523427
1267,0.0,0,0.00031523427
1268,0.0,0,0.00031523427
1269,0.0,0,0.00031523427
1270,0.0,0,0.00031523427
1271,0.0,0,0.00031523427
1272,0.0,0,0.00036108677
1273,0.0,0,0.00036108677
1274,0.0,0,0.00036108677
1275,0.0,0,0.00036108677
1276,0.0,0,0.00036108677
1277,0.0,0,0.00036108677
1278,0.0,0,0.00036108677
1279,0.0,0,0.00058557675
1280,0.0,0,0.00044855734
1281,0.0,0,0.00044855734
1282,0.0,0,0.00044855734
1283,0.0,0,0.00044855734
1284,0.0,0,0.00044855734
1285,0.0,0,0.00044855734
1286,0.0,0,0.00041880764
1287,0.0,0,0.00036108677
1288,0.0,0,0.00036108677
1289,0.0,0,0.00036108677
1290,0.0,0,0.00036108677
1291,0.0,0,0.00036108677
1292,0.0,0,0.00041077883
1293,0.0,0,0.00043836955
1294,0.0,0,0.00043836955
1295,0.0,0,0.0004889747
1296,0.0,0,0.0004889747
1297,0.0,0,0.0004889747
1298,0.0,0,0.00043836955
1299,0.0,0,0.00043836955
1300,0.0,0,0.00043836955
1301,0.0,0,0.00043836955
1302,0.0,0,0.00043836955
1303,0.0,0,0.0004889747
1304,0.0,0,0.00075153226
1305,0.0,0,0.00081650895
1306,0.0,0,0.00081650895
1307,0.0,0,0.00081650895
1308,0.0,0,0.00070355326
1309,0.0,0,0.00066851114
1310,0.0,0,0.00070355326
1311,0.0,0,0.00070355326
1312,0.0,0,0.0008159738
1313,0.0,0,0.0007391157
1314,0.0,0,0.0007722924
1315,0.0,0,0.0017978249
1316,0.0,0,0.0011603781
1317,0.0,0,0.0011603781
1318,0.0,0,0.0010680661
1319,0.0,0,0.0006074063
1320,0.0,0,0.0005102808
1321,0.0,0,0.00044855734
1322,0.0,0,0.00044855734
1323,0.0,0,0.00044855734
1324,0.0,0,0.00044855734
1325,0.0,0,0.00037934515
1326,0.0,0,0.00037934515
1327,0.0,0,0.00037934515
1328,0.0,0,0.00037934515
1329,0.0,0,0.00033117508
1330,0.0,0,0.00033117508
1331,0.0,0,0.00033117508
1332,0.0,0,0.00033117508
1333,0.0,0,0.00033117508
1334,0.0,0,0.00033117508
1335,0.0,0,0.00033117508
1336,0.0,0,0.00033117508
1337,0.0,0,0.00033117508
1338,0.0,0,0.00033117508
1339,0.0,0,0.00033117508
1340,0.0,0,0.00033117508
1341,0.0,0,0.00033117508
1342,0.0,0,0.00033117508
1343,0.0,0,0.0003166844
1344,0.0,0,0.00034813365
1345,0.0,0,0.00031532807
1346,0.0,0,0.00031532807
1347,0.0,0,0.0003377145
1348,0.0,0,0.00043073957
1349,0.0,0,0.00056271715
1350,0.0,0,0.00056271715
1351,0.0,0,0.00056271715
1352,0.0,0,0.00043073957
1353,0.0,0,0.00031532807
1354,0.0,0,0.00033117508
1355,0.0,0,0.00033117508
1356,0.0,0,0.00033117508
1357,0.0,0,0.00033117508
1358,0.0,0,0.00037934515
1359,0.0,0,0.00037934515
1360,0.0,0,0.00037934515
1361,0.0,0,0.00037934515
1362,0.0,0,0.00037934515
1363,0.0,0,0.00037934515
1364,0.0,0,0.00037934515
1365,0.0,0,0.00037934515
1366,0.0,0,0.00037934515
1367,0.0,0,0.00037934515
1368,0.0,0,0.00037934515
1369,0.0,0,0.00037934515
1370,0.0,0,0.00037934515
1371,0.0,0,0.00037934515
1372,0.0,0,0.00037934515
1373,0.0,0,0.00037934515
1374,0.0,0,0.00037934515
1375,0.0,0,0.00037934515
1376,0.0,0,0.00037934515
1377,0.0,0,0.00037934515
1378,0.0,0,0.00045903062
1379,0.0,0,0.00037865108
1380,0.0,0,0.00037865108
1381,0.0,0,0.00037865108
1382,0.0,0,0.00037865108
1383,0.0,0,0.0003305691
1384,0.0,0,0.0003305691
1385,0.0,0,0.0003305691
1386,0.0,0,0.00045205618
1387,0.0,0,0.00031523427
1388,0.0,0,0.00031523427
1389,0.0,0,0.00031523427
1390,0.0,0,0.00031523427
1391,0.0,0,0.00031523427
1392,0.0,0,0.00031523427
1393,0.0,0,0.00031523427
1394,0.0,0,0.00041077883
1395,0.0,0,0.00043836955
1396,0.0,0,0.00043836955
1397,0.0,0,0.0004889747
1398,0.0,0,0.00075153226
1399,0.0,0,0.00081650895
1400,0.0,0,0.00081650895
1401,0.0,0,0.00081650895
1402,0.0,0,0.00081650895
1403,0.0,0,0.00081650895
1404,0.0,0,0.00081650895
1405,0.0,0,0.0007351348
1406,0.0,0,0.00070355326
1407,0.0,0,0.00070355326
1408,0.0,0,0.00066851114
1409,0.0,0,0.00062462804
1410,0.0,0,0.00062462804
1411,0.0,0,0.0005304511
1412,0.0,0,0.0005304511
1413,0.0,0,0.0005304511
1414,0.0,0,0.0005304511
1415,0.0,0,0.0005304511
1416,0.0,0,0.0005304511
1417,0.0,0,0.0005304511
1418,0.0,0,0.0005304511
1419,0.0,0,0.0005304511
1420,0.0,0,0.0005304511
1421,0.0,0,0.0005304511
1422,0.0,0,0.0005304511
1423,0.0,0,0.00062462804
1424,0.0,0,0.00070355326
1425,0.0,0,0.0007351348
1426,0.0,0,0.00081650895
1427,0.0,0,0.00081650895
1428,0.0,0,0.00081650895
1429,0.0,0,0.00081650895
1430,0.0,0,0.00075153226
1431,0.0,0,0.0004889747
1432,0.0,0,0.0004889747
1433,0.0,0,0.0004889747
1434,0.0,0,0.00043836955
1435,0.0,0,0.00043836955
1436,0.0,0,0.00043836955
1437,0.0,0,0.00043836955
1438,0.0,0,0.0004889747
1439,0.0,0,0.0004889747
1440,0.0,0,0.0007082421
1441,0.0,0,0.00075153226
1442,0.0,0,0.00081650895
1443,0.0,0,0.0007082421
1444,0.0,0,0.0004889747
1445,0.0,0,0.00043836955
1446,0.0,0,0.00041077883
1447,0.0,0,0.00036108677
1448,0.0,0,0.00031523427
1449,0.0,0,0.00031523427
1450,0.0,0,0.0004269691
1451,0.0,0,0.0004269691
1452,0.0,0,0.00048572334
1453,0.0,0,0.0005183452
1454,0.0,0,0.0005183452
1455,0.0,0,0.00057817745
1456,0.0,0,0.0010166924
1457,0.0,0,0.0010166924
1458,0.0,0,0.0010166924
1459,0.0,0,0.0010166924
1460,0.0,0,0.0010166924
1461,0.0,0,0.0010166924
1462,0.0,0,0.0010166924
1463,0.0,0,0.0010166924
1464,0.0,0,0.0010166924
1465,0.0,0,0.0010166924
1466,0.0,0,0.0011045692
1467,0.0,0,0.0011045692
1468,0.0,0,0.0011045692
1469,0.0,0,0.0011045692
1470,0.0,0,0.0011045692
1471,0.0,0,0.000958143
1472,0.0,0,0.00057817745
1473,0.0,0,0.00054455106
1474,0.0,0,0.0005102808
1475,0.0,0,0.00044855734
1476,0.0,0,0.00044855734
1477,0.0,0,0.00044855734
1478,0.0,0,0.00044855734
1479,0.0,0,0.0005102808
1480,0.0,0,0.00054455106
1481,0.0,0,0.0010680661
1482,0.0,0,0.0011603781
1483,0.0,0,0.0011603781
1484,0.0,0,0.0009998993
1485,0.0,0,0.0009998993
1486,0.0,0,0.0009998993
1487,0.0,0,0.0009998993
1488,0.0,0,0.0009501111
1489,0.0,0,0.0009501111
1490,0.0,0,0.0009501111
1491,0.0,0,0.00080662157
1492,0.0,0,0.0009998993
1493,0.0,0,0.0010447695
1494,0.0,0,0.0011603781
1495,0.0,0,0.0011603781
1496,0.0,0,0.0011603781
1497,0.0,0,0.0011603781
1498,0.0,0,0.0010131312
1499,0.0,0,0.00093252223
1500,0.0,0,0.0008788158
1501,0.0,0,0.0005302919
1502,0.0,0,0.0005302919
1503,0.0,0,0.0005302919
1504,0.0,0,0.0004754127
1505,0.0,0,0.0004754127
1506,0.0,0,0.0004754127
1507,0.0,0,0.0004754127
1508,0.0,0,0.0004754127
1509,0.0,0,0.0004754127
1510,0.0,0,0.0008867004
1511,0.0,0,0.0008867004
1512,0.0,0,0.0008867004
1513,0.0,0,0.0019297382
1514,0.0,0,0.002224316
1515,0.0,0,0.002224316
1516,0.0,0,0.0019169782
1517,0.0,0,0.00048651645
1518,0.0,0,0.00048651645
1519,0.0,0,0.00048651645
1520,0.0,0,0.00048651645
1521,0.0,0,0.00048651645
1522,0.0,0,0.00048651645
1523,0.0,0,0.00048651645
1524,0.0,0,0.00048651645
1525,0.0,0,0.00048651645
1526,0.0,0,0.00048651645
1527,0.0,0,0.00048765348
1528,0.0,0,0.00048765348
1529,0.0,0,0.00048765348
1530,0.0,0,0.00048765348
1531,0.0,0,0.00055857096
1532,0.0,0,0.00055857096
1533,0.0,0,0.00055857096
1534,0.0,0,0.00055857096
1535,0.0,0,0.00055857096
1536,0.0,0,0.00055857096
1537,0.0,0,0.00055857096
1538,0.0,0,0.00055857096
1539,0.0,0,0.00055857096
1540,0.0,0,0.00055857096
1541,0.0,0,0.00055857096
1542,0.0,0,0.00055857096
1543,0.0,0,0.00055857096
1544,0.0,0,0.00055857096
1545,0.0,0,0.00055857096
1546,0.0,0,0.00055857096
1547,0.0,0,0.00055857096
1548,0.0,0,0.00055857096
1549,0.0,0,0.00055857096
1550,0.0,0,0.00055857096
1551,0.0,0,0.00055857096
1552,0.0,0,0.00055857096
1553,0.0,0,0.00055857096
1554,0.0,0,0.00055857096
